"date","ticker","company","adj_close"
2020-01-01,"RELIANCE","RELIANCE",693.978515625
2020-01-02,"RELIANCE","RELIANCE",691.235534667969
2020-01-03,"RELIANCE","RELIANCE",700.835998535156
2020-01-06,"RELIANCE","RELIANCE",694.892883300781
2020-01-07,"RELIANCE","RELIANCE",694.435668945312
2020-01-08,"RELIANCE","RELIANCE",692.607055664062
2020-01-09,"RELIANCE","RELIANCE",703.396179199219
2020-01-10,"RELIANCE","RELIANCE",709.476440429688
2020-01-13,"RELIANCE","RELIANCE",706.344909667969
2020-01-14,"RELIANCE","RELIANCE",704.036193847656
2020-01-15,"RELIANCE","RELIANCE",702.138977050781
2020-01-16,"RELIANCE","RELIANCE",699.007385253906
2020-01-17,"RELIANCE","RELIANCE",710.207946777344
2020-01-20,"RELIANCE","RELIANCE",735.580688476562
2020-01-21,"RELIANCE","RELIANCE",698.824523925781
2020-01-22,"RELIANCE","RELIANCE",705.864868164062
2020-01-23,"RELIANCE","RELIANCE",702.436096191406
2020-01-24,"RELIANCE","RELIANCE",698.093017578125
2020-01-27,"RELIANCE","RELIANCE",692.561340332031
2020-01-28,"RELIANCE","RELIANCE",689.68115234375
2020-01-29,"RELIANCE","RELIANCE",673.886047363281
2020-01-30,"RELIANCE","RELIANCE",676.149047851562
2020-01-31,"RELIANCE","RELIANCE",664.2626953125
2020-02-03,"RELIANCE","RELIANCE",626.272216796875
2020-02-04,"RELIANCE","RELIANCE",640.032897949219
2020-02-05,"RELIANCE","RELIANCE",655.987976074219
2020-02-06,"RELIANCE","RELIANCE",664.765625
2020-02-07,"RELIANCE","RELIANCE",663.348388671875
2020-02-10,"RELIANCE","RELIANCE",652.833557128906
2020-02-11,"RELIANCE","RELIANCE",661.702575683594
2020-02-12,"RELIANCE","RELIANCE",665.702819824219
2020-02-13,"RELIANCE","RELIANCE",675.577575683594
2020-02-14,"RELIANCE","RELIANCE",675.348999023438
2020-02-17,"RELIANCE","RELIANCE",680.720703125
2020-02-18,"RELIANCE","RELIANCE",674.731811523438
2020-02-19,"RELIANCE","RELIANCE",676.309020996094
2020-02-20,"RELIANCE","RELIANCE",684.378051757812
2020-02-24,"RELIANCE","RELIANCE",671.920227050781
2020-02-25,"RELIANCE","RELIANCE",663.53125
2020-02-26,"RELIANCE","RELIANCE",644.604553222656
2020-02-27,"RELIANCE","RELIANCE",634.546875
2020-02-28,"RELIANCE","RELIANCE",619.414672851562
2020-03-02,"RELIANCE","RELIANCE",619.506103515625
2020-03-03,"RELIANCE","RELIANCE",607.894104003906
2020-03-04,"RELIANCE","RELIANCE",618.088928222656
2020-03-05,"RELIANCE","RELIANCE",618.180358886719
2020-03-06,"RELIANCE","RELIANCE",580.601257324219
2020-03-09,"RELIANCE","RELIANCE",566.909118652344
2020-03-11,"RELIANCE","RELIANCE",506.540313720703
2020-03-12,"RELIANCE","RELIANCE",496.025512695312
2020-03-13,"RELIANCE","RELIANCE",456.252014160156
2020-03-16,"RELIANCE","RELIANCE",484.847778320312
2020-03-17,"RELIANCE","RELIANCE",478.767456054688
2020-03-18,"RELIANCE","RELIANCE",468.732666015625
2020-03-19,"RELIANCE","RELIANCE",420.638763427734
2020-03-20,"RELIANCE","RELIANCE",429.507781982422
2020-03-23,"RELIANCE","RELIANCE",418.855804443359
2020-03-24,"RELIANCE","RELIANCE",425.164703369141
2020-03-25,"RELIANCE","RELIANCE",440.616943359375
2020-03-26,"RELIANCE","RELIANCE",500.962890625
2020-03-27,"RELIANCE","RELIANCE",500.59716796875
2020-03-30,"RELIANCE","RELIANCE",475.727325439453
2020-03-31,"RELIANCE","RELIANCE",490.973815917969
2020-04-01,"RELIANCE","RELIANCE",513.054931640625
2020-04-03,"RELIANCE","RELIANCE",518.632385253906
2020-04-07,"RELIANCE","RELIANCE",503.843048095703
2020-04-08,"RELIANCE","RELIANCE",539.456298828125
2020-04-09,"RELIANCE","RELIANCE",554.999938964844
2020-04-13,"RELIANCE","RELIANCE",550.405456542969
2020-04-15,"RELIANCE","RELIANCE",547.2509765625
2020-04-16,"RELIANCE","RELIANCE",525.672729492188
2020-04-17,"RELIANCE","RELIANCE",555.914306640625
2020-04-20,"RELIANCE","RELIANCE",560.485961914062
2020-04-21,"RELIANCE","RELIANCE",553.171264648438
2020-04-22,"RELIANCE","RELIANCE",603.459594726562
2020-04-23,"RELIANCE","RELIANCE",625.1064453125
2020-04-24,"RELIANCE","RELIANCE",617.2431640625
2020-04-27,"RELIANCE","RELIANCE",655.576538085938
2020-04-28,"RELIANCE","RELIANCE",662.891235351562
2020-04-29,"RELIANCE","RELIANCE",660.559692382812
2020-04-30,"RELIANCE","RELIANCE",664.697021484375
2020-05-04,"RELIANCE","RELIANCE",658.319580078125
2020-05-05,"RELIANCE","RELIANCE",664.582763671875
2020-05-06,"RELIANCE","RELIANCE",669.291564941406
2020-05-07,"RELIANCE","RELIANCE",665.177062988281
2020-05-08,"RELIANCE","RELIANCE",706.322021484375
2020-05-11,"RELIANCE","RELIANCE",722.322814941406
2020-05-12,"RELIANCE","RELIANCE",715.373901367188
2020-05-13,"RELIANCE","RELIANCE",704.710266113281
2020-05-14,"RELIANCE","RELIANCE",677.943237304688
2020-05-15,"RELIANCE","RELIANCE",666.40576171875
2020-05-18,"RELIANCE","RELIANCE",678.40478515625
2020-05-19,"RELIANCE","RELIANCE",672.4052734375
2020-05-20,"RELIANCE","RELIANCE",650.714782714844
2020-05-21,"RELIANCE","RELIANCE",662.252258300781
2020-05-22,"RELIANCE","RELIANCE",670.005493164062
2020-05-26,"RELIANCE","RELIANCE",668.320983886719
2020-05-27,"RELIANCE","RELIANCE",660.40625
2020-05-28,"RELIANCE","RELIANCE",671.482238769531
2020-05-29,"RELIANCE","RELIANCE",677.481750488281
2020-06-01,"RELIANCE","RELIANCE",683.019775390625
2020-06-02,"RELIANCE","RELIANCE",704.248779296875
2020-06-03,"RELIANCE","RELIANCE",713.017272949219
2020-06-04,"RELIANCE","RELIANCE",712.555725097656
2020-06-05,"RELIANCE","RELIANCE",736.092224121094
2020-06-08,"RELIANCE","RELIANCE",746.891357421875
2020-06-09,"RELIANCE","RELIANCE",720.078186035156
2020-06-10,"RELIANCE","RELIANCE",712.140380859375
2020-06-11,"RELIANCE","RELIANCE",722.708740234375
2020-06-12,"RELIANCE","RELIANCE",692.249755859375
2020-06-15,"RELIANCE","RELIANCE",722.247253417969
2020-06-16,"RELIANCE","RELIANCE",758.244262695312
2020-06-17,"RELIANCE","RELIANCE",742.207092285156
2020-06-18,"RELIANCE","RELIANCE",741.630249023438
2020-06-19,"RELIANCE","RELIANCE",770.704711914062
2020-06-22,"RELIANCE","RELIANCE",818.423828125
2020-06-23,"RELIANCE","RELIANCE",807.624694824219
2020-06-24,"RELIANCE","RELIANCE",801.117553710938
2020-06-25,"RELIANCE","RELIANCE",797.010192871094
2020-06-26,"RELIANCE","RELIANCE",797.840942382812
2020-06-29,"RELIANCE","RELIANCE",797.494812011719
2020-06-30,"RELIANCE","RELIANCE",801.625244140625
2020-07-01,"RELIANCE","RELIANCE",793.779724121094
2020-07-02,"RELIANCE","RELIANCE",804.394226074219
2020-07-03,"RELIANCE","RELIANCE",821.377380371094
2020-07-06,"RELIANCE","RELIANCE",833.007202148438
2020-07-07,"RELIANCE","RELIANCE",858.389709472656
2020-07-08,"RELIANCE","RELIANCE",841.798767089844
2020-07-09,"RELIANCE","RELIANCE",834.853210449219
2020-07-10,"RELIANCE","RELIANCE",843.852478027344
2020-07-13,"RELIANCE","RELIANCE",878.395690917969
2020-07-14,"RELIANCE","RELIANCE",892.540710449219
2020-07-15,"RELIANCE","RELIANCE",894.363586425781
2020-07-16,"RELIANCE","RELIANCE",852.390197753906
2020-07-17,"RELIANCE","RELIANCE",851.467224121094
2020-07-20,"RELIANCE","RELIANCE",885.064392089844
2020-07-21,"RELIANCE","RELIANCE",894.848205566406
2020-07-22,"RELIANCE","RELIANCE",915.154174804688
2020-07-23,"RELIANCE","RELIANCE",924.822570800781
2020-07-24,"RELIANCE","RELIANCE",949.766662597656
2020-07-27,"RELIANCE","RELIANCE",1005.51586914062
2020-07-28,"RELIANCE","RELIANCE",995.0859375
2020-07-29,"RELIANCE","RELIANCE",1005.10052490234
2020-07-30,"RELIANCE","RELIANCE",968.688171386719
2020-07-31,"RELIANCE","RELIANCE",975.841430664062
2020-08-03,"RELIANCE","RELIANCE",946.674621582031
2020-08-04,"RELIANCE","RELIANCE",932.506591796875
2020-08-05,"RELIANCE","RELIANCE",1000.9931640625
2020-08-06,"RELIANCE","RELIANCE",995.455139160156
2020-08-07,"RELIANCE","RELIANCE",982.90234375
2020-08-10,"RELIANCE","RELIANCE",996.42431640625
2020-08-11,"RELIANCE","RELIANCE",985.209838867188
2020-08-12,"RELIANCE","RELIANCE",978.841125488281
2020-08-13,"RELIANCE","RELIANCE",982.071655273438
2020-08-14,"RELIANCE","RELIANCE",979.556457519531
2020-08-17,"RELIANCE","RELIANCE",971.457153320312
2020-08-18,"RELIANCE","RELIANCE",962.227172851562
2020-08-19,"RELIANCE","RELIANCE",988.071166992188
2020-08-20,"RELIANCE","RELIANCE",978.379638671875
2020-08-21,"RELIANCE","RELIANCE",977.456665039062
2020-08-24,"RELIANCE","RELIANCE",965.180786132812
2020-08-25,"RELIANCE","RELIANCE",971.918640136719
2020-08-26,"RELIANCE","RELIANCE",962.227172851562
2020-08-27,"RELIANCE","RELIANCE",991.301635742188
2020-08-28,"RELIANCE","RELIANCE",978.379638671875
2020-08-31,"RELIANCE","RELIANCE",1003.30065917969
2020-09-01,"RELIANCE","RELIANCE",969.149658203125
2020-09-02,"RELIANCE","RELIANCE",965.457641601562
2020-09-03,"RELIANCE","RELIANCE",982.071655273438
2020-09-04,"RELIANCE","RELIANCE",961.557983398438
2020-09-07,"RELIANCE","RELIANCE",961.765686035156
2020-09-08,"RELIANCE","RELIANCE",965.457641601562
2020-09-09,"RELIANCE","RELIANCE",962.227172851562
2020-09-10,"RELIANCE","RELIANCE",1007.50030517578
2020-09-11,"RELIANCE","RELIANCE",1066.98767089844
2020-09-14,"RELIANCE","RELIANCE",1072.98718261719
2020-09-15,"RELIANCE","RELIANCE",1066.96459960938
2020-09-16,"RELIANCE","RELIANCE",1070.67956542969
2020-09-17,"RELIANCE","RELIANCE",1070.67956542969
2020-09-18,"RELIANCE","RELIANCE",1068.02600097656
2020-09-21,"RELIANCE","RELIANCE",1061.44958496094
2020-09-22,"RELIANCE","RELIANCE",1050.83508300781
2020-09-23,"RELIANCE","RELIANCE",1042.98962402344
2020-09-24,"RELIANCE","RELIANCE",1018.94549560547
2020-09-25,"RELIANCE","RELIANCE",1010.22314453125
2020-09-28,"RELIANCE","RELIANCE",1027.76013183594
2020-09-29,"RELIANCE","RELIANCE",1026.83715820312
2020-09-30,"RELIANCE","RELIANCE",1042.98962402344
2020-10-01,"RELIANCE","RELIANCE",1044.74328613281
2020-10-05,"RELIANCE","RELIANCE",1035.60559082031
2020-10-06,"RELIANCE","RELIANCE",1026.95251464844
2020-10-07,"RELIANCE","RELIANCE",1031.4521484375
2020-10-08,"RELIANCE","RELIANCE",1042.52807617188
2020-10-09,"RELIANCE","RELIANCE",1031.4521484375
2020-10-12,"RELIANCE","RELIANCE",1031.4521484375
2020-10-13,"RELIANCE","RELIANCE",1029.42150878906
2020-10-14,"RELIANCE","RELIANCE",1051.71203613281
2020-10-15,"RELIANCE","RELIANCE",1056.83459472656
2020-10-16,"RELIANCE","RELIANCE",1022.22216796875
2020-10-19,"RELIANCE","RELIANCE",1010.70770263672
2020-10-20,"RELIANCE","RELIANCE",1005.60815429688
2020-10-21,"RELIANCE","RELIANCE",1000.53167724609
2020-10-22,"RELIANCE","RELIANCE",981.794738769531
2020-10-23,"RELIANCE","RELIANCE",971.918640136719
2020-10-26,"RELIANCE","RELIANCE",970.049560546875
2020-10-27,"RELIANCE","RELIANCE",939.106018066406
2020-10-28,"RELIANCE","RELIANCE",942.290344238281
2020-10-29,"RELIANCE","RELIANCE",921.615173339844
2020-10-30,"RELIANCE","RELIANCE",938.459899902344
2020-11-02,"RELIANCE","RELIANCE",935.460144042969
2020-11-03,"RELIANCE","RELIANCE",872.234680175781
2020-11-04,"RELIANCE","RELIANCE",847.775207519531
2020-11-05,"RELIANCE","RELIANCE",902.209106445312
2020-11-06,"RELIANCE","RELIANCE",918.384704589844
2020-11-09,"RELIANCE","RELIANCE",951.658813476562
2020-11-10,"RELIANCE","RELIANCE",958.53515625
2020-11-11,"RELIANCE","RELIANCE",964.073181152344
2020-11-12,"RELIANCE","RELIANCE",914.231201171875
2020-11-13,"RELIANCE","RELIANCE",914.692687988281
2020-11-14,"RELIANCE","RELIANCE",929.876037597656
2020-11-17,"RELIANCE","RELIANCE",962.227172851562
2020-11-18,"RELIANCE","RELIANCE",919.884521484375
2020-11-19,"RELIANCE","RELIANCE",917.092468261719
2020-11-20,"RELIANCE","RELIANCE",911.462158203125
2020-11-23,"RELIANCE","RELIANCE",900.386169433594
2020-11-24,"RELIANCE","RELIANCE",906.385681152344
2020-11-25,"RELIANCE","RELIANCE",913.769653320312
2020-11-26,"RELIANCE","RELIANCE",901.332275390625
2020-11-27,"RELIANCE","RELIANCE",895.540405273438
2020-12-01,"RELIANCE","RELIANCE",895.47119140625
2020-12-02,"RELIANCE","RELIANCE",903.847412109375
2020-12-03,"RELIANCE","RELIANCE",910.077697753906
2020-12-04,"RELIANCE","RELIANCE",908.693176269531
2020-12-07,"RELIANCE","RELIANCE",895.586608886719
2020-12-08,"RELIANCE","RELIANCE",905.070434570312
2020-12-09,"RELIANCE","RELIANCE",927.591613769531
2020-12-10,"RELIANCE","RELIANCE",932.968078613281
2020-12-11,"RELIANCE","RELIANCE",928.999145507812
2020-12-14,"RELIANCE","RELIANCE",926.668579101562
2020-12-15,"RELIANCE","RELIANCE",918.246215820312
2020-12-16,"RELIANCE","RELIANCE",917.461669921875
2020-12-17,"RELIANCE","RELIANCE",915.846435546875
2020-12-18,"RELIANCE","RELIANCE",913.815856933594
2020-12-21,"RELIANCE","RELIANCE",927.614685058594
2020-12-22,"RELIANCE","RELIANCE",899.463195800781
2020-12-23,"RELIANCE","RELIANCE",890.694702148438
2020-12-24,"RELIANCE","RELIANCE",898.540161132812
2020-12-28,"RELIANCE","RELIANCE",926.091735839844
2020-12-29,"RELIANCE","RELIANCE",927.153198242188
2020-12-30,"RELIANCE","RELIANCE",920.807556152344
2020-12-31,"RELIANCE","RELIANCE",919.999938964844
2021-01-01,"RELIANCE","RELIANCE",917.461669921875
2021-01-04,"RELIANCE","RELIANCE",920.738342285156
2021-01-05,"RELIANCE","RELIANCE",908.693176269531
2021-01-06,"RELIANCE","RELIANCE",907.262512207031
2021-01-07,"RELIANCE","RELIANCE",886.310424804688
2021-01-08,"RELIANCE","RELIANCE",885.156677246094
2021-01-11,"RELIANCE","RELIANCE",894.755859375
2021-01-12,"RELIANCE","RELIANCE",878.234191894531
2021-01-13,"RELIANCE","RELIANCE",906.177978515625
2021-01-14,"RELIANCE","RELIANCE",897.6171875
2021-01-15,"RELIANCE","RELIANCE",904.816589355469
2021-01-18,"RELIANCE","RELIANCE",899.509338378906
2021-01-19,"RELIANCE","RELIANCE",920.530639648438
2021-01-20,"RELIANCE","RELIANCE",932.875793457031
2021-01-21,"RELIANCE","RELIANCE",960.842651367188
2021-01-22,"RELIANCE","RELIANCE",974.226135253906
2021-01-25,"RELIANCE","RELIANCE",939.129089355469
2021-01-27,"RELIANCE","RELIANCE",888.38720703125
2021-01-28,"RELIANCE","RELIANCE",867.688903808594
2021-01-29,"RELIANCE","RELIANCE",874.219116210938
2021-02-01,"RELIANCE","RELIANCE",858.11279296875
2021-02-02,"RELIANCE","RELIANCE",883.426086425781
2021-02-03,"RELIANCE","RELIANCE",889.91015625
2021-02-04,"RELIANCE","RELIANCE",887.925659179688
2021-02-05,"RELIANCE","RELIANCE",890.7177734375
2021-02-08,"RELIANCE","RELIANCE",892.102233886719
2021-02-09,"RELIANCE","RELIANCE",905.439636230469
2021-02-10,"RELIANCE","RELIANCE",901.655334472656
2021-02-11,"RELIANCE","RELIANCE",913.769653320312
2021-02-12,"RELIANCE","RELIANCE",948.612915039062
2021-02-15,"RELIANCE","RELIANCE",945.174743652344
2021-02-16,"RELIANCE","RELIANCE",941.344299316406
2021-02-17,"RELIANCE","RELIANCE",950.689636230469
2021-02-18,"RELIANCE","RELIANCE",962.227172851562
2021-02-19,"RELIANCE","RELIANCE",949.30517578125
2021-02-22,"RELIANCE","RELIANCE",959.919677734375
2021-02-23,"RELIANCE","RELIANCE",945.151672363281
2021-02-24,"RELIANCE","RELIANCE",936.844665527344
2021-02-25,"RELIANCE","RELIANCE",958.073669433594
2021-02-26,"RELIANCE","RELIANCE",976.995178222656
2021-03-01,"RELIANCE","RELIANCE",973.85693359375
2021-03-02,"RELIANCE","RELIANCE",979.302673339844
2021-03-03,"RELIANCE","RELIANCE",978.8642578125
2021-03-04,"RELIANCE","RELIANCE",1006.06964111328
2021-03-05,"RELIANCE","RELIANCE",994.99365234375
2021-03-08,"RELIANCE","RELIANCE",1000.76239013672
2021-03-09,"RELIANCE","RELIANCE",1015.29962158203
2021-03-10,"RELIANCE","RELIANCE",1018.53015136719
2021-03-12,"RELIANCE","RELIANCE",1012.99212646484
2021-03-15,"RELIANCE","RELIANCE",987.632751464844
2021-03-16,"RELIANCE","RELIANCE",975.610656738281
2021-03-17,"RELIANCE","RELIANCE",968.249755859375
2021-03-18,"RELIANCE","RELIANCE",956.643005371094
2021-03-19,"RELIANCE","RELIANCE",918.84619140625
2021-03-22,"RELIANCE","RELIANCE",955.766174316406
2021-03-23,"RELIANCE","RELIANCE",951.589599609375
2021-03-24,"RELIANCE","RELIANCE",959.804260253906
2021-03-25,"RELIANCE","RELIANCE",947.920654296875
2021-03-26,"RELIANCE","RELIANCE",928.537658691406
2021-03-30,"RELIANCE","RELIANCE",926.691650390625
2021-03-31,"RELIANCE","RELIANCE",931.306701660156
2021-04-01,"RELIANCE","RELIANCE",931.306701660156
2021-04-05,"RELIANCE","RELIANCE",934.514099121094
2021-04-06,"RELIANCE","RELIANCE",924.845703125
2021-04-07,"RELIANCE","RELIANCE",922.999694824219
2021-04-08,"RELIANCE","RELIANCE",928.076171875
2021-04-09,"RELIANCE","RELIANCE",922.284362792969
2021-04-12,"RELIANCE","RELIANCE",904.078186035156
2021-04-13,"RELIANCE","RELIANCE",887.925659179688
2021-04-15,"RELIANCE","RELIANCE",888.987121582031
2021-04-16,"RELIANCE","RELIANCE",893.740600585938
2021-04-19,"RELIANCE","RELIANCE",878.695678710938
2021-04-20,"RELIANCE","RELIANCE",881.695434570312
2021-04-22,"RELIANCE","RELIANCE",873.273071289062
2021-04-23,"RELIANCE","RELIANCE",879.618713378906
2021-04-26,"RELIANCE","RELIANCE",886.079711914062
2021-04-27,"RELIANCE","RELIANCE",895.309692382812
2021-04-28,"RELIANCE","RELIANCE",922.007446289062
2021-04-29,"RELIANCE","RELIANCE",933.567993164062
2021-04-30,"RELIANCE","RELIANCE",926.922424316406
2021-05-03,"RELIANCE","RELIANCE",907.308654785156
2021-05-04,"RELIANCE","RELIANCE",899.924682617188
2021-05-05,"RELIANCE","RELIANCE",887.625732421875
2021-05-06,"RELIANCE","RELIANCE",886.933471679688
2021-05-07,"RELIANCE","RELIANCE",894.271301269531
2021-05-10,"RELIANCE","RELIANCE",894.848205566406
2021-05-11,"RELIANCE","RELIANCE",883.772216796875
2021-05-12,"RELIANCE","RELIANCE",890.740844726562
2021-05-14,"RELIANCE","RELIANCE",889.794738769531
2021-05-17,"RELIANCE","RELIANCE",894.063659667969
2021-05-18,"RELIANCE","RELIANCE",914.231201171875
2021-05-19,"RELIANCE","RELIANCE",913.769653320312
2021-05-20,"RELIANCE","RELIANCE",922.030517578125
2021-05-21,"RELIANCE","RELIANCE",919.307678222656
2021-05-24,"RELIANCE","RELIANCE",926.691650390625
2021-05-25,"RELIANCE","RELIANCE",921.338256835938
2021-05-26,"RELIANCE","RELIANCE",911.462158203125
2021-05-27,"RELIANCE","RELIANCE",909.293151855469
2021-05-28,"RELIANCE","RELIANCE",918.384704589844
2021-05-31,"RELIANCE","RELIANCE",970.072631835938
2021-06-01,"RELIANCE","RELIANCE",999.608642578125
2021-06-02,"RELIANCE","RELIANCE",995.455139160156
2021-06-03,"RELIANCE","RELIANCE",1024.99108886719
2021-06-04,"RELIANCE","RELIANCE",1022.12982177734
2021-06-07,"RELIANCE","RELIANCE",1016.22265625
2021-06-08,"RELIANCE","RELIANCE",1027.57556152344
2021-06-09,"RELIANCE","RELIANCE",1024.06811523438
2021-06-10,"RELIANCE","RELIANCE",1012.25372314453
2021-06-11,"RELIANCE","RELIANCE",1007.40802001953
2021-06-14,"RELIANCE","RELIANCE",1022.22216796875
2021-06-15,"RELIANCE","RELIANCE",1043.451171875
2021-06-16,"RELIANCE","RELIANCE",1036.02099609375
2021-06-17,"RELIANCE","RELIANCE",1015.29962158203
2021-06-18,"RELIANCE","RELIANCE",1027.06787109375
2021-06-21,"RELIANCE","RELIANCE",1016.91491699219
2021-06-22,"RELIANCE","RELIANCE",1040.22058105469
2021-06-23,"RELIANCE","RELIANCE",1038.37463378906
2021-06-24,"RELIANCE","RELIANCE",1018.4609375
2021-06-25,"RELIANCE","RELIANCE",993.839904785156
2021-06-28,"RELIANCE","RELIANCE",979.302673339844
2021-06-29,"RELIANCE","RELIANCE",964.303894042969
2021-06-30,"RELIANCE","RELIANCE",967.419006347656
2021-07-01,"RELIANCE","RELIANCE",977.456665039062
2021-07-02,"RELIANCE","RELIANCE",967.76513671875
2021-07-05,"RELIANCE","RELIANCE",985.971313476562
2021-07-06,"RELIANCE","RELIANCE",989.894104003906
2021-07-07,"RELIANCE","RELIANCE",981.956298828125
2021-07-08,"RELIANCE","RELIANCE",976.972106933594
2021-07-09,"RELIANCE","RELIANCE",963.611633300781
2021-07-12,"RELIANCE","RELIANCE",959.804260253906
2021-07-13,"RELIANCE","RELIANCE",969.149658203125
2021-07-14,"RELIANCE","RELIANCE",969.311157226562
2021-07-15,"RELIANCE","RELIANCE",966.842163085938
2021-07-16,"RELIANCE","RELIANCE",963.496276855469
2021-07-19,"RELIANCE","RELIANCE",969.149658203125
2021-07-20,"RELIANCE","RELIANCE",968.918884277344
2021-07-22,"RELIANCE","RELIANCE",977.918151855469
2021-07-23,"RELIANCE","RELIANCE",985.04833984375
2021-07-26,"RELIANCE","RELIANCE",972.841674804688
2021-07-27,"RELIANCE","RELIANCE",958.44287109375
2021-07-28,"RELIANCE","RELIANCE",949.766662597656
2021-07-29,"RELIANCE","RELIANCE",947.920654296875
2021-07-30,"RELIANCE","RELIANCE",949.766662597656
2021-08-02,"RELIANCE","RELIANCE",948.059143066406
2021-08-03,"RELIANCE","RELIANCE",964.53466796875
2021-08-04,"RELIANCE","RELIANCE",966.565246582031
2021-08-05,"RELIANCE","RELIANCE",975.749084472656
2021-08-06,"RELIANCE","RELIANCE",982.971557617188
2021-08-09,"RELIANCE","RELIANCE",960.381164550781
2021-08-10,"RELIANCE","RELIANCE",960.842651367188
2021-08-11,"RELIANCE","RELIANCE",967.742065429688
2021-08-12,"RELIANCE","RELIANCE",980.640991210938
2021-08-13,"RELIANCE","RELIANCE",977.133605957031
2021-08-16,"RELIANCE","RELIANCE",991.924682617188
2021-08-17,"RELIANCE","RELIANCE",1000.92395019531
2021-08-18,"RELIANCE","RELIANCE",1003.30065917969
2021-08-20,"RELIANCE","RELIANCE",988.994140625
2021-08-23,"RELIANCE","RELIANCE",1003.30065917969
2021-08-24,"RELIANCE","RELIANCE",999.170227050781
2021-08-25,"RELIANCE","RELIANCE",1008.56176757812
2021-08-26,"RELIANCE","RELIANCE",1018.99163818359
2021-08-27,"RELIANCE","RELIANCE",1032.37512207031
2021-08-30,"RELIANCE","RELIANCE",1038.37463378906
2021-08-31,"RELIANCE","RELIANCE",1050.78894042969
2021-09-01,"RELIANCE","RELIANCE",1048.98913574219
2021-09-02,"RELIANCE","RELIANCE",1040.68212890625
2021-09-03,"RELIANCE","RELIANCE",1066.06457519531
2021-09-06,"RELIANCE","RELIANCE",1113.59912109375
2021-09-07,"RELIANCE","RELIANCE",1121.44458007812
2021-09-08,"RELIANCE","RELIANCE",1131.59765625
2021-09-09,"RELIANCE","RELIANCE",1120.47546386719
2021-09-13,"RELIANCE","RELIANCE",1122.8291015625
2021-09-14,"RELIANCE","RELIANCE",1096.06213378906
2021-09-15,"RELIANCE","RELIANCE",1093.06237792969
2021-09-16,"RELIANCE","RELIANCE",1099.0849609375
2021-09-17,"RELIANCE","RELIANCE",1128.82861328125
2021-09-20,"RELIANCE","RELIANCE",1094.72375488281
2021-09-21,"RELIANCE","RELIANCE",1109.90710449219
2021-09-22,"RELIANCE","RELIANCE",1111.29162597656
2021-09-23,"RELIANCE","RELIANCE",1129.47473144531
2021-09-24,"RELIANCE","RELIANCE",1155.38793945312
2021-09-27,"RELIANCE","RELIANCE",1147.75012207031
2021-09-28,"RELIANCE","RELIANCE",1169.44055175781
2021-09-29,"RELIANCE","RELIANCE",1186.05456542969
2021-09-30,"RELIANCE","RELIANCE",1165.287109375
2021-10-01,"RELIANCE","RELIANCE",1154.64953613281
2021-10-04,"RELIANCE","RELIANCE",1178.20910644531
2021-10-05,"RELIANCE","RELIANCE",1179.17822265625
2021-10-06,"RELIANCE","RELIANCE",1209.1064453125
2021-10-07,"RELIANCE","RELIANCE",1197.59204101562
2021-10-08,"RELIANCE","RELIANCE",1193.09240722656
2021-10-11,"RELIANCE","RELIANCE",1246.69567871094
2021-10-12,"RELIANCE","RELIANCE",1220.66711425781
2021-10-13,"RELIANCE","RELIANCE",1236.35803222656
2021-10-14,"RELIANCE","RELIANCE",1246.21105957031
2021-10-18,"RELIANCE","RELIANCE",1231.55847167969
2021-10-19,"RELIANCE","RELIANCE",1257.033203125
2021-10-20,"RELIANCE","RELIANCE",1265.77868652344
2021-10-21,"RELIANCE","RELIANCE",1258.69470214844
2021-10-22,"RELIANCE","RELIANCE",1209.12951660156
2021-10-25,"RELIANCE","RELIANCE",1236.81958007812
2021-10-26,"RELIANCE","RELIANCE",1207.79125976562
2021-10-27,"RELIANCE","RELIANCE",1223.89758300781
2021-10-28,"RELIANCE","RELIANCE",1209.12951660156
2021-10-29,"RELIANCE","RELIANCE",1198.12280273438
2021-11-01,"RELIANCE","RELIANCE",1170.47900390625
2021-11-02,"RELIANCE","RELIANCE",1174.51708984375
2021-11-03,"RELIANCE","RELIANCE",1156.54162597656
2021-11-04,"RELIANCE","RELIANCE",1150.49597167969
2021-11-08,"RELIANCE","RELIANCE",1162.70263671875
2021-11-09,"RELIANCE","RELIANCE",1156.05712890625
2021-11-10,"RELIANCE","RELIANCE",1161.45666503906
2021-11-11,"RELIANCE","RELIANCE",1172.23266601562
2021-11-12,"RELIANCE","RELIANCE",1182.77795410156
2021-11-15,"RELIANCE","RELIANCE",1199.89953613281
2021-11-16,"RELIANCE","RELIANCE",1187.00061035156
2021-11-17,"RELIANCE","RELIANCE",1153.26501464844
2021-11-18,"RELIANCE","RELIANCE",1135.28955078125
2021-11-22,"RELIANCE","RELIANCE",1124.259765625
2021-11-23,"RELIANCE","RELIANCE",1076.7021484375
2021-11-24,"RELIANCE","RELIANCE",1098.36962890625
2021-11-25,"RELIANCE","RELIANCE",1095.13916015625
2021-11-26,"RELIANCE","RELIANCE",1138.88928222656
2021-11-29,"RELIANCE","RELIANCE",1125.64428710938
2021-11-30,"RELIANCE","RELIANCE",1138.98156738281
2021-12-01,"RELIANCE","RELIANCE",1122.8291015625
2021-12-02,"RELIANCE","RELIANCE",1139.76611328125
2021-12-03,"RELIANCE","RELIANCE",1153.01123046875
2021-12-06,"RELIANCE","RELIANCE",1114.98364257812
2021-12-07,"RELIANCE","RELIANCE",1096.59289550781
2021-12-08,"RELIANCE","RELIANCE",1118.72180175781
2021-12-09,"RELIANCE","RELIANCE",1123.75207519531
2021-12-10,"RELIANCE","RELIANCE",1126.17492675781
2021-12-13,"RELIANCE","RELIANCE",1141.51989746094
2021-12-14,"RELIANCE","RELIANCE",1098.36962890625
2021-12-15,"RELIANCE","RELIANCE",1100.21557617188
2021-12-16,"RELIANCE","RELIANCE",1110.23010253906
2021-12-17,"RELIANCE","RELIANCE",1106.69970703125
2021-12-20,"RELIANCE","RELIANCE",1069.68737792969
2021-12-21,"RELIANCE","RELIANCE",1066.68762207031
2021-12-22,"RELIANCE","RELIANCE",1072.94091796875
2021-12-23,"RELIANCE","RELIANCE",1095.6005859375
2021-12-24,"RELIANCE","RELIANCE",1093.75463867188
2021-12-27,"RELIANCE","RELIANCE",1089.85498046875
2021-12-28,"RELIANCE","RELIANCE",1096.33898925781
2021-12-29,"RELIANCE","RELIANCE",1103.44616699219
2021-12-30,"RELIANCE","RELIANCE",1107.599609375
2021-12-31,"RELIANCE","RELIANCE",1095.13916015625
2022-01-03,"RELIANCE","RELIANCE",1091.44714355469
2022-01-04,"RELIANCE","RELIANCE",1114.9375
2022-01-05,"RELIANCE","RELIANCE",1136.21264648438
2022-01-06,"RELIANCE","RELIANCE",1131.22839355469
2022-01-07,"RELIANCE","RELIANCE",1121.88305664062
2022-01-10,"RELIANCE","RELIANCE",1131.59765625
2022-01-11,"RELIANCE","RELIANCE",1124.21362304688
2022-01-12,"RELIANCE","RELIANCE",1140.50451660156
2022-01-13,"RELIANCE","RELIANCE",1163.55651855469
2022-01-14,"RELIANCE","RELIANCE",1169.90209960938
2022-01-17,"RELIANCE","RELIANCE",1171.28662109375
2022-01-18,"RELIANCE","RELIANCE",1179.01672363281
2022-01-19,"RELIANCE","RELIANCE",1167.59460449219
2022-01-20,"RELIANCE","RELIANCE",1153.77270507812
2022-01-21,"RELIANCE","RELIANCE",1131.59765625
2022-01-24,"RELIANCE","RELIANCE",1142.21203613281
2022-01-25,"RELIANCE","RELIANCE",1084.31689453125
2022-01-27,"RELIANCE","RELIANCE",1078.06359863281
2022-01-28,"RELIANCE","RELIANCE",1091.44714355469
2022-01-31,"RELIANCE","RELIANCE",1089.23193359375
2022-02-01,"RELIANCE","RELIANCE",1111.29162597656
2022-02-02,"RELIANCE","RELIANCE",1110.830078125
2022-02-03,"RELIANCE","RELIANCE",1103.90759277344
2022-02-04,"RELIANCE","RELIANCE",1080.37109375
2022-02-07,"RELIANCE","RELIANCE",1080.83264160156
2022-02-08,"RELIANCE","RELIANCE",1075.59460449219
2022-02-09,"RELIANCE","RELIANCE",1094.28527832031
2022-02-10,"RELIANCE","RELIANCE",1105.61511230469
2022-02-11,"RELIANCE","RELIANCE",1095.25451660156
2022-02-14,"RELIANCE","RELIANCE",1080.02502441406
2022-02-15,"RELIANCE","RELIANCE",1085.07836914062
2022-02-16,"RELIANCE","RELIANCE",1121.44458007812
2022-02-17,"RELIANCE","RELIANCE",1116.87573242188
2022-02-18,"RELIANCE","RELIANCE",1128.09020996094
2022-02-21,"RELIANCE","RELIANCE",1113.13757324219
2022-02-22,"RELIANCE","RELIANCE",1085.86291503906
2022-02-23,"RELIANCE","RELIANCE",1108.10729980469
2022-02-24,"RELIANCE","RELIANCE",1063.75708007812
2022-02-25,"RELIANCE","RELIANCE",1052.26574707031
2022-02-28,"RELIANCE","RELIANCE",1035.14416503906
2022-03-02,"RELIANCE","RELIANCE",1077.34826660156
2022-03-03,"RELIANCE","RELIANCE",1107.599609375
2022-03-04,"RELIANCE","RELIANCE",1085.90905761719
2022-03-07,"RELIANCE","RELIANCE",1051.61962890625
2022-03-08,"RELIANCE","RELIANCE",1020.60687255859
2022-03-09,"RELIANCE","RELIANCE",1031.91369628906
2022-03-10,"RELIANCE","RELIANCE",1107.599609375
2022-03-11,"RELIANCE","RELIANCE",1096.54663085938
2022-03-14,"RELIANCE","RELIANCE",1101.55395507812
2022-03-15,"RELIANCE","RELIANCE",1120.49853515625
2022-03-16,"RELIANCE","RELIANCE",1099.29260253906
2022-03-17,"RELIANCE","RELIANCE",1122.71374511719
2022-03-21,"RELIANCE","RELIANCE",1127.90563964844
2022-03-22,"RELIANCE","RELIANCE",1135.33569335938
2022-03-23,"RELIANCE","RELIANCE",1164.36413574219
2022-03-24,"RELIANCE","RELIANCE",1158.36462402344
2022-03-25,"RELIANCE","RELIANCE",1191.82336425781
2022-03-28,"RELIANCE","RELIANCE",1204.51452636719
2022-03-29,"RELIANCE","RELIANCE",1217.4365234375
2022-03-30,"RELIANCE","RELIANCE",1218.3134765625
2022-03-31,"RELIANCE","RELIANCE",1229.8740234375
2022-04-01,"RELIANCE","RELIANCE",1216.51354980469
2022-04-04,"RELIANCE","RELIANCE",1225.48974609375
2022-04-05,"RELIANCE","RELIANCE",1223.48217773438
2022-04-06,"RELIANCE","RELIANCE",1193.9462890625
2022-04-07,"RELIANCE","RELIANCE",1197.63818359375
2022-04-08,"RELIANCE","RELIANCE",1181.43957519531
2022-04-11,"RELIANCE","RELIANCE",1199.89953613281
2022-04-12,"RELIANCE","RELIANCE",1193.90002441406
2022-04-13,"RELIANCE","RELIANCE",1188.13134765625
2022-04-18,"RELIANCE","RELIANCE",1168.97912597656
2022-04-19,"RELIANCE","RELIANCE",1180.5166015625
2022-04-20,"RELIANCE","RELIANCE",1226.25122070312
2022-04-21,"RELIANCE","RELIANCE",1269.53991699219
2022-04-22,"RELIANCE","RELIANCE",1273.23193359375
2022-04-25,"RELIANCE","RELIANCE",1265.6171875
2022-04-26,"RELIANCE","RELIANCE",1250.66455078125
2022-04-27,"RELIANCE","RELIANCE",1271.82434082031
2022-04-28,"RELIANCE","RELIANCE",1296.79150390625
2022-04-29,"RELIANCE","RELIANCE",1318.11279296875
2022-05-02,"RELIANCE","RELIANCE",1274.66259765625
2022-05-04,"RELIANCE","RELIANCE",1285.27709960938
2022-05-05,"RELIANCE","RELIANCE",1256.89477539062
2022-05-06,"RELIANCE","RELIANCE",1205.52990722656
2022-05-09,"RELIANCE","RELIANCE",1188.33898925781
2022-05-10,"RELIANCE","RELIANCE",1151.44213867188
2022-05-11,"RELIANCE","RELIANCE",1141.12756347656
2022-05-12,"RELIANCE","RELIANCE",1120.29089355469
2022-05-13,"RELIANCE","RELIANCE",1119.5986328125
2022-05-16,"RELIANCE","RELIANCE",1123.49829101562
2022-05-17,"RELIANCE","RELIANCE",1123.79821777344
2022-05-18,"RELIANCE","RELIANCE",1172.04809570312
2022-05-19,"RELIANCE","RELIANCE",1146.36560058594
2022-05-20,"RELIANCE","RELIANCE",1159.51831054688
2022-05-23,"RELIANCE","RELIANCE",1214.43676757812
2022-05-24,"RELIANCE","RELIANCE",1203.13012695312
2022-05-25,"RELIANCE","RELIANCE",1216.05212402344
2022-05-26,"RELIANCE","RELIANCE",1211.16015625
2022-05-27,"RELIANCE","RELIANCE",1196.69213867188
2022-05-30,"RELIANCE","RELIANCE",1206.82202148438
2022-05-31,"RELIANCE","RELIANCE",1219.00561523438
2022-06-01,"RELIANCE","RELIANCE",1215.72900390625
2022-06-02,"RELIANCE","RELIANCE",1215.59057617188
2022-06-03,"RELIANCE","RELIANCE",1266.35559082031
2022-06-06,"RELIANCE","RELIANCE",1282.96960449219
2022-06-07,"RELIANCE","RELIANCE",1278.30834960938
2022-06-08,"RELIANCE","RELIANCE",1279.62365722656
2022-06-09,"RELIANCE","RELIANCE",1250.66455078125
2022-06-10,"RELIANCE","RELIANCE",1279.2314453125
2022-06-13,"RELIANCE","RELIANCE",1222.974609375
2022-06-14,"RELIANCE","RELIANCE",1222.99768066406
2022-06-15,"RELIANCE","RELIANCE",1207.99890136719
2022-06-16,"RELIANCE","RELIANCE",1210.51403808594
2022-06-17,"RELIANCE","RELIANCE",1181.43957519531
2022-06-20,"RELIANCE","RELIANCE",1202.20703125
2022-06-21,"RELIANCE","RELIANCE",1181.43957519531
2022-06-22,"RELIANCE","RELIANCE",1180.56274414062
2022-06-23,"RELIANCE","RELIANCE",1160.69519042969
2022-06-24,"RELIANCE","RELIANCE",1144.51965332031
2022-06-27,"RELIANCE","RELIANCE",1174.49401855469
2022-06-28,"RELIANCE","RELIANCE",1145.48876953125
2022-06-29,"RELIANCE","RELIANCE",1157.07238769531
2022-06-30,"RELIANCE","RELIANCE",1190.66955566406
2022-07-01,"RELIANCE","RELIANCE",1188.31591796875
2022-07-04,"RELIANCE","RELIANCE",1097.88500976562
2022-07-05,"RELIANCE","RELIANCE",1118.21411132812
2022-07-06,"RELIANCE","RELIANCE",1116.87573242188
2022-07-07,"RELIANCE","RELIANCE",1119.55249023438
2022-07-08,"RELIANCE","RELIANCE",1115.90661621094
2022-07-11,"RELIANCE","RELIANCE",1096.75439453125
2022-07-12,"RELIANCE","RELIANCE",1109.44555664062
2022-07-13,"RELIANCE","RELIANCE",1120.19860839844
2022-07-14,"RELIANCE","RELIANCE",1102.06164550781
2022-07-15,"RELIANCE","RELIANCE",1114.52209472656
2022-07-18,"RELIANCE","RELIANCE",1117.29113769531
2022-07-19,"RELIANCE","RELIANCE",1107.73803710938
2022-07-20,"RELIANCE","RELIANCE",1172.20959472656
2022-07-21,"RELIANCE","RELIANCE",1150.98059082031
2022-07-22,"RELIANCE","RELIANCE",1153.74963378906
2022-07-25,"RELIANCE","RELIANCE",1138.72778320312
2022-07-26,"RELIANCE","RELIANCE",1117.33728027344
2022-07-27,"RELIANCE","RELIANCE",1116.80651855469
2022-07-28,"RELIANCE","RELIANCE",1124.21362304688
2022-07-29,"RELIANCE","RELIANCE",1142.07360839844
2022-08-01,"RELIANCE","RELIANCE",1162.58728027344
2022-08-02,"RELIANCE","RELIANCE",1187.20837402344
2022-08-03,"RELIANCE","RELIANCE",1199.89953613281
2022-08-04,"RELIANCE","RELIANCE",1204.51452636719
2022-08-05,"RELIANCE","RELIANCE",1188.82360839844
2022-08-08,"RELIANCE","RELIANCE",1168.05603027344
2022-08-10,"RELIANCE","RELIANCE",1189.23889160156
2022-08-11,"RELIANCE","RELIANCE",1201.33020019531
2022-08-12,"RELIANCE","RELIANCE",1195.42297363281
2022-08-16,"RELIANCE","RELIANCE",1221.22082519531
2022-08-17,"RELIANCE","RELIANCE",1229.89709472656
2022-08-18,"RELIANCE","RELIANCE",1227.58959960938
2022-08-19,"RELIANCE","RELIANCE",1222.974609375
2022-08-22,"RELIANCE","RELIANCE",1207.7451171875
2022-08-23,"RELIANCE","RELIANCE",1197.13061523438
2022-08-24,"RELIANCE","RELIANCE",1218.40576171875
2022-08-25,"RELIANCE","RELIANCE",1222.48999023438
2022-08-26,"RELIANCE","RELIANCE",1215.12902832031
2022-08-29,"RELIANCE","RELIANCE",1192.97705078125
2022-08-30,"RELIANCE","RELIANCE",1206.36059570312
2022-09-01,"RELIANCE","RELIANCE",1191.892578125
2022-09-02,"RELIANCE","RELIANCE",1181.62414550781
2022-09-05,"RELIANCE","RELIANCE",1168.05603027344
2022-09-06,"RELIANCE","RELIANCE",1187.43908691406
2022-09-07,"RELIANCE","RELIANCE",1188.36206054688
2022-09-08,"RELIANCE","RELIANCE",1194.47692871094
2022-09-09,"RELIANCE","RELIANCE",1204.51452636719
2022-09-12,"RELIANCE","RELIANCE",1186.30834960938
2022-09-13,"RELIANCE","RELIANCE",1208.20654296875
2022-09-14,"RELIANCE","RELIANCE",1188.36206054688
2022-09-15,"RELIANCE","RELIANCE",1192.05407714844
2022-09-16,"RELIANCE","RELIANCE",1173.94018554688
2022-09-19,"RELIANCE","RELIANCE",1153.38037109375
2022-09-20,"RELIANCE","RELIANCE",1164.11022949219
2022-09-21,"RELIANCE","RELIANCE",1152.24975585938
2022-09-22,"RELIANCE","RELIANCE",1147.28857421875
2022-09-23,"RELIANCE","RELIANCE",1146.8271484375
2022-09-26,"RELIANCE","RELIANCE",1104.85363769531
2022-09-27,"RELIANCE","RELIANCE",1104.83056640625
2022-09-28,"RELIANCE","RELIANCE",1089.30114746094
2022-09-29,"RELIANCE","RELIANCE",1089.1396484375
2022-09-30,"RELIANCE","RELIANCE",1066.52612304688
2022-10-03,"RELIANCE","RELIANCE",1103.67687988281
2022-10-04,"RELIANCE","RELIANCE",1106.58435058594
2022-10-06,"RELIANCE","RELIANCE",1120.98315429688
2022-10-07,"RELIANCE","RELIANCE",1114.36059570312
2022-10-10,"RELIANCE","RELIANCE",1109.90710449219
2022-10-11,"RELIANCE","RELIANCE",1114.060546875
2022-10-12,"RELIANCE","RELIANCE",1085.44763183594
2022-10-13,"RELIANCE","RELIANCE",1094.40075683594
2022-10-14,"RELIANCE","RELIANCE",1114.52209472656
2022-10-17,"RELIANCE","RELIANCE",1086.83215332031
2022-10-18,"RELIANCE","RELIANCE",1117.75256347656
2022-10-19,"RELIANCE","RELIANCE",1132.75134277344
2022-10-20,"RELIANCE","RELIANCE",1146.8271484375
2022-10-21,"RELIANCE","RELIANCE",1157.30310058594
2022-10-24,"RELIANCE","RELIANCE",1135.28955078125
2022-10-25,"RELIANCE","RELIANCE",1153.2880859375
2022-10-27,"RELIANCE","RELIANCE",1134.36657714844
2022-10-28,"RELIANCE","RELIANCE",1137.59704589844
2022-10-31,"RELIANCE","RELIANCE",1172.67114257812
2022-11-01,"RELIANCE","RELIANCE",1199.89953613281
2022-11-02,"RELIANCE","RELIANCE",1168.65600585938
2022-11-03,"RELIANCE","RELIANCE",1167.525390625
2022-11-04,"RELIANCE","RELIANCE",1178.62438964844
2022-11-07,"RELIANCE","RELIANCE",1195.74609375
2022-11-09,"RELIANCE","RELIANCE",1204.65307617188
2022-11-10,"RELIANCE","RELIANCE",1195.28454589844
2022-11-11,"RELIANCE","RELIANCE",1199.89953613281
2022-11-14,"RELIANCE","RELIANCE",1214.09069824219
2022-11-15,"RELIANCE","RELIANCE",1210.19104003906
2022-11-16,"RELIANCE","RELIANCE",1204.51452636719
2022-11-17,"RELIANCE","RELIANCE",1192.95397949219
2022-11-18,"RELIANCE","RELIANCE",1203.0146484375
2022-11-21,"RELIANCE","RELIANCE",1194.36157226562
2022-11-22,"RELIANCE","RELIANCE",1174.51708984375
2022-11-23,"RELIANCE","RELIANCE",1188.36206054688
2022-11-24,"RELIANCE","RELIANCE",1184.20861816406
2022-11-25,"RELIANCE","RELIANCE",1194.82312011719
2022-11-28,"RELIANCE","RELIANCE",1204.00695800781
2022-11-29,"RELIANCE","RELIANCE",1247.87243652344
2022-11-30,"RELIANCE","RELIANCE",1251.818359375
2022-12-01,"RELIANCE","RELIANCE",1265.34020996094
2022-12-02,"RELIANCE","RELIANCE",1259.89453125
2022-12-05,"RELIANCE","RELIANCE",1251.58752441406
2022-12-06,"RELIANCE","RELIANCE",1229.94323730469
2022-12-07,"RELIANCE","RELIANCE",1239.12707519531
2022-12-08,"RELIANCE","RELIANCE",1227.58959960938
2022-12-09,"RELIANCE","RELIANCE",1221.12854003906
2022-12-12,"RELIANCE","RELIANCE",1193.20788574219
2022-12-13,"RELIANCE","RELIANCE",1205.94519042969
2022-12-14,"RELIANCE","RELIANCE",1217.27502441406
2022-12-15,"RELIANCE","RELIANCE",1201.05334472656
2022-12-16,"RELIANCE","RELIANCE",1186.51611328125
2022-12-19,"RELIANCE","RELIANCE",1191.13110351562
2022-12-20,"RELIANCE","RELIANCE",1192.46948242188
2022-12-21,"RELIANCE","RELIANCE",1209.59106445312
2022-12-22,"RELIANCE","RELIANCE",1198.9765625
2022-12-23,"RELIANCE","RELIANCE",1182.96252441406
2022-12-26,"RELIANCE","RELIANCE",1160.55676269531
2022-12-27,"RELIANCE","RELIANCE",1167.59460449219
2022-12-28,"RELIANCE","RELIANCE",1171.28662109375
2022-12-29,"RELIANCE","RELIANCE",1166.21008300781
2022-12-30,"RELIANCE","RELIANCE",1174.56323242188
2023-01-02,"RELIANCE","RELIANCE",1176.82458496094
2023-01-03,"RELIANCE","RELIANCE",1183.77014160156
2023-01-04,"RELIANCE","RELIANCE",1180.05505371094
2023-01-05,"RELIANCE","RELIANCE",1164.59484863281
2023-01-06,"RELIANCE","RELIANCE",1166.04858398438
2023-01-09,"RELIANCE","RELIANCE",1174.65551757812
2023-01-10,"RELIANCE","RELIANCE",1202.66857910156
2023-01-11,"RELIANCE","RELIANCE",1177.97839355469
2023-01-12,"RELIANCE","RELIANCE",1165.21789550781
2023-01-13,"RELIANCE","RELIANCE",1134.55114746094
2023-01-16,"RELIANCE","RELIANCE",1141.15063476562
2023-01-17,"RELIANCE","RELIANCE",1134.36657714844
2023-01-18,"RELIANCE","RELIANCE",1141.51989746094
2023-01-19,"RELIANCE","RELIANCE",1141.24291992188
2023-01-20,"RELIANCE","RELIANCE",1142.21203613281
2023-01-23,"RELIANCE","RELIANCE",1130.21313476562
2023-01-24,"RELIANCE","RELIANCE",1126.0595703125
2023-01-25,"RELIANCE","RELIANCE",1113.34533691406
2023-01-27,"RELIANCE","RELIANCE",1100.40026855469
2023-01-30,"RELIANCE","RELIANCE",1076.07922363281
2023-01-31,"RELIANCE","RELIANCE",1099.29260253906
2023-02-01,"RELIANCE","RELIANCE",1098.34655761719
2023-02-02,"RELIANCE","RELIANCE",1069.75659179688
2023-02-03,"RELIANCE","RELIANCE",1084.06311035156
2023-02-06,"RELIANCE","RELIANCE",1068.3720703125
2023-02-07,"RELIANCE","RELIANCE",1066.98767089844
2023-02-08,"RELIANCE","RELIANCE",1067.44909667969
2023-02-09,"RELIANCE","RELIANCE",1086.11682128906
2023-02-10,"RELIANCE","RELIANCE",1086.78601074219
2023-02-13,"RELIANCE","RELIANCE",1080.001953125
2023-02-14,"RELIANCE","RELIANCE",1075.27160644531
2023-02-15,"RELIANCE","RELIANCE",1096.52355957031
2023-02-16,"RELIANCE","RELIANCE",1130.42077636719
2023-02-17,"RELIANCE","RELIANCE",1116.82958984375
2023-02-20,"RELIANCE","RELIANCE",1128.36706542969
2023-02-21,"RELIANCE","RELIANCE",1118.67565917969
2023-02-22,"RELIANCE","RELIANCE",1119.57556152344
2023-02-23,"RELIANCE","RELIANCE",1097.44665527344
2023-02-24,"RELIANCE","RELIANCE",1094.67761230469
2023-02-27,"RELIANCE","RELIANCE",1099.29260253906
2023-02-28,"RELIANCE","RELIANCE",1087.33972167969
2023-03-01,"RELIANCE","RELIANCE",1081.75561523438
2023-03-02,"RELIANCE","RELIANCE",1078.52514648438
2023-03-03,"RELIANCE","RELIANCE",1084.13232421875
2023-03-06,"RELIANCE","RELIANCE",1107.599609375
2023-03-08,"RELIANCE","RELIANCE",1111.61462402344
2023-03-09,"RELIANCE","RELIANCE",1114.98364257812
2023-03-10,"RELIANCE","RELIANCE",1080.60192871094
2023-03-13,"RELIANCE","RELIANCE",1074.83312988281
2023-03-14,"RELIANCE","RELIANCE",1052.21960449219
2023-03-15,"RELIANCE","RELIANCE",1054.11181640625
2023-03-16,"RELIANCE","RELIANCE",1035.14416503906
2023-03-17,"RELIANCE","RELIANCE",1035.95178222656
2023-03-20,"RELIANCE","RELIANCE",1022.22216796875
2023-03-21,"RELIANCE","RELIANCE",1024.04504394531
2023-03-22,"RELIANCE","RELIANCE",1054.52709960938
2023-03-23,"RELIANCE","RELIANCE",1046.681640625
2023-03-24,"RELIANCE","RELIANCE",1036.18249511719
2023-03-27,"RELIANCE","RELIANCE",1023.37591552734
2023-03-28,"RELIANCE","RELIANCE",1036.06713867188
2023-03-29,"RELIANCE","RELIANCE",1033.29809570312
2023-03-31,"RELIANCE","RELIANCE",1040.68212890625
2023-04-03,"RELIANCE","RELIANCE",1082.21716308594
2023-04-05,"RELIANCE","RELIANCE",1083.6015625
2023-04-06,"RELIANCE","RELIANCE",1069.82580566406
2023-04-10,"RELIANCE","RELIANCE",1084.52465820312
2023-04-11,"RELIANCE","RELIANCE",1077.140625
2023-04-12,"RELIANCE","RELIANCE",1078.22509765625
2023-04-13,"RELIANCE","RELIANCE",1085.90905761719
2023-04-17,"RELIANCE","RELIANCE",1119.11401367188
2023-04-18,"RELIANCE","RELIANCE",1096.98510742188
2023-04-19,"RELIANCE","RELIANCE",1079.47119140625
2023-04-20,"RELIANCE","RELIANCE",1086.41674804688
2023-04-21,"RELIANCE","RELIANCE",1084.82458496094
2023-04-24,"RELIANCE","RELIANCE",1096.06213378906
2023-04-25,"RELIANCE","RELIANCE",1091.90856933594
2023-04-26,"RELIANCE","RELIANCE",1097.90808105469
2023-04-27,"RELIANCE","RELIANCE",1096.06213378906
2023-04-28,"RELIANCE","RELIANCE",1099.29260253906
2023-05-02,"RELIANCE","RELIANCE",1124.30590820312
2023-05-03,"RELIANCE","RELIANCE",1128.36706542969
2023-05-04,"RELIANCE","RELIANCE",1117.3603515625
2023-05-05,"RELIANCE","RELIANCE",1126.52111816406
2023-05-08,"RELIANCE","RELIANCE",1130.67456054688
2023-05-09,"RELIANCE","RELIANCE",1142.21203613281
2023-05-10,"RELIANCE","RELIANCE",1149.13464355469
2023-05-11,"RELIANCE","RELIANCE",1153.26501464844
2023-05-12,"RELIANCE","RELIANCE",1139.81225585938
2023-05-15,"RELIANCE","RELIANCE",1149.08850097656
2023-05-16,"RELIANCE","RELIANCE",1150.98059082031
2023-05-17,"RELIANCE","RELIANCE",1136.67407226562
2023-05-18,"RELIANCE","RELIANCE",1130.46691894531
2023-05-19,"RELIANCE","RELIANCE",1123.31372070312
2023-05-22,"RELIANCE","RELIANCE",1123.75207519531
2023-05-23,"RELIANCE","RELIANCE",1135.58959960938
2023-05-24,"RELIANCE","RELIANCE",1128.78247070312
2023-05-25,"RELIANCE","RELIANCE",1123.24450683594
2023-05-26,"RELIANCE","RELIANCE",1134.36657714844
2023-05-29,"RELIANCE","RELIANCE",1163.44104003906
2023-05-30,"RELIANCE","RELIANCE",1163.25646972656
2023-05-31,"RELIANCE","RELIANCE",1153.74963378906
2023-06-01,"RELIANCE","RELIANCE",1144.5888671875
2023-06-02,"RELIANCE","RELIANCE",1140.36608886719
2023-06-05,"RELIANCE","RELIANCE",1138.61242675781
2023-06-06,"RELIANCE","RELIANCE",1146.11181640625
2023-06-07,"RELIANCE","RELIANCE",1147.75012207031
2023-06-08,"RELIANCE","RELIANCE",1156.5185546875
2023-06-09,"RELIANCE","RELIANCE",1156.98010253906
2023-06-12,"RELIANCE","RELIANCE",1142.44287109375
2023-06-13,"RELIANCE","RELIANCE",1151.44213867188
2023-06-14,"RELIANCE","RELIANCE",1163.44104003906
2023-06-15,"RELIANCE","RELIANCE",1177.6552734375
2023-06-16,"RELIANCE","RELIANCE",1181.53186035156
2023-06-19,"RELIANCE","RELIANCE",1192.515625
2023-06-20,"RELIANCE","RELIANCE",1175.69396972656
2023-06-21,"RELIANCE","RELIANCE",1180.05505371094
2023-06-22,"RELIANCE","RELIANCE",1179.59362792969
2023-06-23,"RELIANCE","RELIANCE",1167.0869140625
2023-06-26,"RELIANCE","RELIANCE",1156.98010253906
2023-06-27,"RELIANCE","RELIANCE",1152.15747070312
2023-06-28,"RELIANCE","RELIANCE",1159.74914550781
2023-06-30,"RELIANCE","RELIANCE",1175.16320800781
2023-07-03,"RELIANCE","RELIANCE",1180.53967285156
2023-07-04,"RELIANCE","RELIANCE",1211.43713378906
2023-07-05,"RELIANCE","RELIANCE",1204.05310058594
2023-07-06,"RELIANCE","RELIANCE",1188.8466796875
2023-07-07,"RELIANCE","RELIANCE",1216.05212402344
2023-07-10,"RELIANCE","RELIANCE",1240.92687988281
2023-07-11,"RELIANCE","RELIANCE",1270.462890625
2023-07-12,"RELIANCE","RELIANCE",1276.64697265625
2023-07-13,"RELIANCE","RELIANCE",1284.76940917969
2023-07-14,"RELIANCE","RELIANCE",1269.12451171875
2023-07-17,"RELIANCE","RELIANCE",1267.74011230469
2023-07-18,"RELIANCE","RELIANCE",1300.04504394531
2023-07-19,"RELIANCE","RELIANCE",1306.04455566406
2023-07-20,"RELIANCE","RELIANCE",1290
2023-07-21,"RELIANCE","RELIANCE",1304.5
2023-07-24,"RELIANCE","RELIANCE",1240.5
2023-07-25,"RELIANCE","RELIANCE",1247
2023-07-26,"RELIANCE","RELIANCE",1242.5
2023-07-27,"RELIANCE","RELIANCE",1267.02502441406
2023-07-28,"RELIANCE","RELIANCE",1256.02502441406
2023-07-31,"RELIANCE","RELIANCE",1263.92504882812
2023-08-01,"RELIANCE","RELIANCE",1277.5
2023-08-02,"RELIANCE","RELIANCE",1254.59997558594
2023-08-03,"RELIANCE","RELIANCE",1237.65002441406
2023-08-04,"RELIANCE","RELIANCE",1249.40002441406
2023-08-07,"RELIANCE","RELIANCE",1260.5
2023-08-08,"RELIANCE","RELIANCE",1264
2023-08-09,"RELIANCE","RELIANCE",1252.42504882812
2023-08-10,"RELIANCE","RELIANCE",1262.47497558594
2023-08-11,"RELIANCE","RELIANCE",1266.22497558594
2023-08-14,"RELIANCE","RELIANCE",1269.5
2023-08-16,"RELIANCE","RELIANCE",1275.5
2023-08-17,"RELIANCE","RELIANCE",1283.55004882812
2023-08-18,"RELIANCE","RELIANCE",1265.625
2023-08-21,"RELIANCE","RELIANCE",1269.97497558594
2023-08-22,"RELIANCE","RELIANCE",1258.44995117188
2023-08-23,"RELIANCE","RELIANCE",1262.09997558594
2023-08-24,"RELIANCE","RELIANCE",1269.94995117188
2023-08-25,"RELIANCE","RELIANCE",1228
2023-08-28,"RELIANCE","RELIANCE",1236
2023-08-29,"RELIANCE","RELIANCE",1226.02502441406
2023-08-30,"RELIANCE","RELIANCE",1216
2023-08-31,"RELIANCE","RELIANCE",1211.5
2023-09-01,"RELIANCE","RELIANCE",1203.27502441406
2023-09-04,"RELIANCE","RELIANCE",1206.32495117188
2023-09-05,"RELIANCE","RELIANCE",1210
2023-09-06,"RELIANCE","RELIANCE",1210.55004882812
2023-09-07,"RELIANCE","RELIANCE",1210.84997558594
2023-09-08,"RELIANCE","RELIANCE",1220
2023-09-11,"RELIANCE","RELIANCE",1226
2023-09-12,"RELIANCE","RELIANCE",1241.5
2023-09-13,"RELIANCE","RELIANCE",1220
2023-09-14,"RELIANCE","RELIANCE",1230
2023-09-15,"RELIANCE","RELIANCE",1234
2023-09-18,"RELIANCE","RELIANCE",1220.02502441406
2023-09-20,"RELIANCE","RELIANCE",1211.52502441406
2023-09-21,"RELIANCE","RELIANCE",1187.47497558594
2023-09-22,"RELIANCE","RELIANCE",1188
2023-09-25,"RELIANCE","RELIANCE",1175.19995117188
2023-09-26,"RELIANCE","RELIANCE",1169.27502441406
2023-09-27,"RELIANCE","RELIANCE",1171.75
2023-09-28,"RELIANCE","RELIANCE",1191.5
2023-09-29,"RELIANCE","RELIANCE",1170.90002441406
2023-10-03,"RELIANCE","RELIANCE",1164.97497558594
2023-10-04,"RELIANCE","RELIANCE",1154.5
2023-10-05,"RELIANCE","RELIANCE",1159.625
2023-10-06,"RELIANCE","RELIANCE",1158.52502441406
2023-10-09,"RELIANCE","RELIANCE",1154.05004882812
2023-10-10,"RELIANCE","RELIANCE",1153.27502441406
2023-10-11,"RELIANCE","RELIANCE",1157.22497558594
2023-10-12,"RELIANCE","RELIANCE",1171.92504882812
2023-10-13,"RELIANCE","RELIANCE",1170
2023-10-16,"RELIANCE","RELIANCE",1172.5
2023-10-17,"RELIANCE","RELIANCE",1178
2023-10-18,"RELIANCE","RELIANCE",1177.625
2023-10-19,"RELIANCE","RELIANCE",1156
2023-10-20,"RELIANCE","RELIANCE",1150
2023-10-23,"RELIANCE","RELIANCE",1145
2023-10-25,"RELIANCE","RELIANCE",1125.02502441406
2023-10-26,"RELIANCE","RELIANCE",1125.5
2023-10-27,"RELIANCE","RELIANCE",1120
2023-10-30,"RELIANCE","RELIANCE",1137
2023-10-31,"RELIANCE","RELIANCE",1164
2023-11-01,"RELIANCE","RELIANCE",1144.57495117188
2023-11-02,"RELIANCE","RELIANCE",1156.97497558594
2023-11-03,"RELIANCE","RELIANCE",1163.59997558594
2023-11-06,"RELIANCE","RELIANCE",1166.15002441406
2023-11-07,"RELIANCE","RELIANCE",1167.02502441406
2023-11-08,"RELIANCE","RELIANCE",1166
2023-11-09,"RELIANCE","RELIANCE",1167.92504882812
2023-11-10,"RELIANCE","RELIANCE",1152.77502441406
2023-11-13,"RELIANCE","RELIANCE",1161.44995117188
2023-11-15,"RELIANCE","RELIANCE",1170
2023-11-16,"RELIANCE","RELIANCE",1175.55004882812
2023-11-17,"RELIANCE","RELIANCE",1176.44995117188
2023-11-20,"RELIANCE","RELIANCE",1174.27502441406
2023-11-21,"RELIANCE","RELIANCE",1183
2023-11-22,"RELIANCE","RELIANCE",1187.5
2023-11-23,"RELIANCE","RELIANCE",1194.09997558594
2023-11-24,"RELIANCE","RELIANCE",1195.80004882812
2023-11-28,"RELIANCE","RELIANCE",1196.94995117188
2023-11-29,"RELIANCE","RELIANCE",1204
2023-11-30,"RELIANCE","RELIANCE",1197.34997558594
2023-12-01,"RELIANCE","RELIANCE",1189
2023-12-04,"RELIANCE","RELIANCE",1225
2023-12-05,"RELIANCE","RELIANCE",1219.5
2023-12-06,"RELIANCE","RELIANCE",1223.55004882812
2023-12-07,"RELIANCE","RELIANCE",1230
2023-12-08,"RELIANCE","RELIANCE",1231.92504882812
2023-12-11,"RELIANCE","RELIANCE",1228
2023-12-12,"RELIANCE","RELIANCE",1230
2023-12-13,"RELIANCE","RELIANCE",1211
2023-12-14,"RELIANCE","RELIANCE",1227
2023-12-15,"RELIANCE","RELIANCE",1239
2023-12-18,"RELIANCE","RELIANCE",1247.80004882812
2023-12-19,"RELIANCE","RELIANCE",1277.5
2023-12-20,"RELIANCE","RELIANCE",1285.52502441406
2023-12-21,"RELIANCE","RELIANCE",1263.5
2023-12-22,"RELIANCE","RELIANCE",1279.80004882812
2023-12-26,"RELIANCE","RELIANCE",1284
2023-12-27,"RELIANCE","RELIANCE",1291
2023-12-28,"RELIANCE","RELIANCE",1294.90002441406
2023-12-29,"RELIANCE","RELIANCE",1305.55004882812
2024-01-01,"RELIANCE","RELIANCE",1290.27502441406
2024-01-02,"RELIANCE","RELIANCE",1292.5
2024-01-03,"RELIANCE","RELIANCE",1305
2024-01-04,"RELIANCE","RELIANCE",1294
2024-01-05,"RELIANCE","RELIANCE",1301.44995117188
2024-01-08,"RELIANCE","RELIANCE",1305
2024-01-09,"RELIANCE","RELIANCE",1300
2024-01-10,"RELIANCE","RELIANCE",1288.5
2024-01-11,"RELIANCE","RELIANCE",1329.5
2024-01-12,"RELIANCE","RELIANCE",1359.90002441406
2024-01-15,"RELIANCE","RELIANCE",1375
2024-01-16,"RELIANCE","RELIANCE",1389.97497558594
2024-01-17,"RELIANCE","RELIANCE",1359.5
2024-01-18,"RELIANCE","RELIANCE",1351.40002441406
2024-01-19,"RELIANCE","RELIANCE",1376
2024-01-23,"RELIANCE","RELIANCE",1371.75
2024-01-24,"RELIANCE","RELIANCE",1335.22497558594
2024-01-25,"RELIANCE","RELIANCE",1342.94995117188
2024-01-29,"RELIANCE","RELIANCE",1364.5
2024-01-30,"RELIANCE","RELIANCE",1459.94995117188
2024-01-31,"RELIANCE","RELIANCE",1404
2024-02-01,"RELIANCE","RELIANCE",1435
2024-02-02,"RELIANCE","RELIANCE",1433.17504882812
2024-02-05,"RELIANCE","RELIANCE",1460.75
2024-02-06,"RELIANCE","RELIANCE",1441.84997558594
2024-02-07,"RELIANCE","RELIANCE",1435.92504882812
2024-02-08,"RELIANCE","RELIANCE",1450
2024-02-09,"RELIANCE","RELIANCE",1454
2024-02-12,"RELIANCE","RELIANCE",1460.75
2024-02-13,"RELIANCE","RELIANCE",1455.5
2024-02-14,"RELIANCE","RELIANCE",1457.5
2024-02-15,"RELIANCE","RELIANCE",1483.34997558594
2024-02-16,"RELIANCE","RELIANCE",1476.47497558594
2024-02-19,"RELIANCE","RELIANCE",1462.05004882812
2024-02-20,"RELIANCE","RELIANCE",1475.02502441406
2024-02-21,"RELIANCE","RELIANCE",1474
2024-02-22,"RELIANCE","RELIANCE",1468.15002441406
2024-02-23,"RELIANCE","RELIANCE",1489.5
2024-02-26,"RELIANCE","RELIANCE",1493.55004882812
2024-02-27,"RELIANCE","RELIANCE",1483.02502441406
2024-02-28,"RELIANCE","RELIANCE",1483
2024-02-29,"RELIANCE","RELIANCE",1465
2024-03-01,"RELIANCE","RELIANCE",1463.5
2024-03-04,"RELIANCE","RELIANCE",1490.47497558594
2024-03-05,"RELIANCE","RELIANCE",1505.77502441406
2024-03-06,"RELIANCE","RELIANCE",1493.44995117188
2024-03-07,"RELIANCE","RELIANCE",1502.97497558594
2024-03-11,"RELIANCE","RELIANCE",1489
2024-03-12,"RELIANCE","RELIANCE",1466.59997558594
2024-03-13,"RELIANCE","RELIANCE",1479.77502441406
2024-03-14,"RELIANCE","RELIANCE",1439.69995117188
2024-03-15,"RELIANCE","RELIANCE",1425.94995117188
2024-03-18,"RELIANCE","RELIANCE",1420
2024-03-19,"RELIANCE","RELIANCE",1428.75
2024-03-20,"RELIANCE","RELIANCE",1427.94995117188
2024-03-21,"RELIANCE","RELIANCE",1452.52502441406
2024-03-22,"RELIANCE","RELIANCE",1449.97497558594
2024-03-26,"RELIANCE","RELIANCE",1445
2024-03-27,"RELIANCE","RELIANCE",1448
2024-03-28,"RELIANCE","RELIANCE",1492.875
2024-04-01,"RELIANCE","RELIANCE",1492.47497558594
2024-04-02,"RELIANCE","RELIANCE",1484
2024-04-03,"RELIANCE","RELIANCE",1482.07495117188
2024-04-04,"RELIANCE","RELIANCE",1479.75
2024-04-05,"RELIANCE","RELIANCE",1460.875
2024-04-08,"RELIANCE","RELIANCE",1462.97497558594
2024-04-09,"RELIANCE","RELIANCE",1489
2024-04-10,"RELIANCE","RELIANCE",1466.34997558594
2024-04-12,"RELIANCE","RELIANCE",1475.875
2024-04-15,"RELIANCE","RELIANCE",1461
2024-04-16,"RELIANCE","RELIANCE",1453.34997558594
2024-04-18,"RELIANCE","RELIANCE",1463.5
2024-04-19,"RELIANCE","RELIANCE",1456.77502441406
2024-04-22,"RELIANCE","RELIANCE",1472.44995117188
2024-04-23,"RELIANCE","RELIANCE",1479
2024-04-24,"RELIANCE","RELIANCE",1463.5
2024-04-25,"RELIANCE","RELIANCE",1442.5
2024-04-26,"RELIANCE","RELIANCE",1463.94995117188
2024-04-29,"RELIANCE","RELIANCE",1450
2024-04-30,"RELIANCE","RELIANCE",1468
2024-05-02,"RELIANCE","RELIANCE",1472
2024-05-03,"RELIANCE","RELIANCE",1471
2024-05-06,"RELIANCE","RELIANCE",1435.5
2024-05-07,"RELIANCE","RELIANCE",1415.97497558594
2024-05-08,"RELIANCE","RELIANCE",1397.5
2024-05-09,"RELIANCE","RELIANCE",1413
2024-05-10,"RELIANCE","RELIANCE",1396.75
2024-05-13,"RELIANCE","RELIANCE",1399.90002441406
2024-05-14,"RELIANCE","RELIANCE",1400.97497558594
2024-05-15,"RELIANCE","RELIANCE",1420.5
2024-05-16,"RELIANCE","RELIANCE",1418.55004882812
2024-05-17,"RELIANCE","RELIANCE",1423.05004882812
2024-05-21,"RELIANCE","RELIANCE",1425.59997558594
2024-05-22,"RELIANCE","RELIANCE",1436.27502441406
2024-05-23,"RELIANCE","RELIANCE",1458.55004882812
2024-05-24,"RELIANCE","RELIANCE",1483.625
2024-05-27,"RELIANCE","RELIANCE",1480.22497558594
2024-05-28,"RELIANCE","RELIANCE",1468
2024-05-29,"RELIANCE","RELIANCE",1446.5
2024-05-30,"RELIANCE","RELIANCE",1435.5
2024-05-31,"RELIANCE","RELIANCE",1431.30004882812
2024-06-03,"RELIANCE","RELIANCE",1483
2024-06-04,"RELIANCE","RELIANCE",1498.05004882812
2024-06-05,"RELIANCE","RELIANCE",1422
2024-06-06,"RELIANCE","RELIANCE",1435
2024-06-07,"RELIANCE","RELIANCE",1428.5
2024-06-10,"RELIANCE","RELIANCE",1469.94995117188
2024-06-11,"RELIANCE","RELIANCE",1469
2024-06-12,"RELIANCE","RELIANCE",1457.5
2024-06-13,"RELIANCE","RELIANCE",1472
2024-06-14,"RELIANCE","RELIANCE",1470
2024-06-18,"RELIANCE","RELIANCE",1487.34997558594
2024-06-19,"RELIANCE","RELIANCE",1487.5
2024-06-20,"RELIANCE","RELIANCE",1459
2024-06-21,"RELIANCE","RELIANCE",1473.625
2024-06-24,"RELIANCE","RELIANCE",1445.52502441406
2024-06-25,"RELIANCE","RELIANCE",1443
2024-06-26,"RELIANCE","RELIANCE",1446.05004882812
2024-06-27,"RELIANCE","RELIANCE",1513.75
2024-06-28,"RELIANCE","RELIANCE",1531.02502441406
2024-07-01,"RELIANCE","RELIANCE",1562.52502441406
2024-07-02,"RELIANCE","RELIANCE",1569.5
2024-07-03,"RELIANCE","RELIANCE",1566.32495117188
2024-07-04,"RELIANCE","RELIANCE",1557
2024-07-05,"RELIANCE","RELIANCE",1553.82495117188
2024-07-08,"RELIANCE","RELIANCE",1589
2024-07-09,"RELIANCE","RELIANCE",1597.59997558594
2024-07-10,"RELIANCE","RELIANCE",1595
2024-07-11,"RELIANCE","RELIANCE",1587.5
2024-07-12,"RELIANCE","RELIANCE",1584.5
2024-07-15,"RELIANCE","RELIANCE",1604.44995117188
2024-07-16,"RELIANCE","RELIANCE",1593.5
2024-07-18,"RELIANCE","RELIANCE",1576
2024-07-19,"RELIANCE","RELIANCE",1586
2024-07-22,"RELIANCE","RELIANCE",1537.25
2024-07-23,"RELIANCE","RELIANCE",1501
2024-07-24,"RELIANCE","RELIANCE",1485
2024-07-25,"RELIANCE","RELIANCE",1481
2024-07-26,"RELIANCE","RELIANCE",1492.40002441406
2024-07-29,"RELIANCE","RELIANCE",1511.94995117188
2024-07-30,"RELIANCE","RELIANCE",1517.02502441406
2024-07-31,"RELIANCE","RELIANCE",1504
2024-08-01,"RELIANCE","RELIANCE",1512
2024-08-02,"RELIANCE","RELIANCE",1505
2024-08-05,"RELIANCE","RELIANCE",1480
2024-08-06,"RELIANCE","RELIANCE",1455.15002441406
2024-08-07,"RELIANCE","RELIANCE",1469
2024-08-08,"RELIANCE","RELIANCE",1457.52502441406
2024-08-09,"RELIANCE","RELIANCE",1460
2024-08-12,"RELIANCE","RELIANCE",1470
2024-08-13,"RELIANCE","RELIANCE",1460.75
2024-08-14,"RELIANCE","RELIANCE",1463.55004882812
2024-08-16,"RELIANCE","RELIANCE",1468.65002441406
2024-08-19,"RELIANCE","RELIANCE",1482.5
2024-08-20,"RELIANCE","RELIANCE",1497.22497558594
2024-08-21,"RELIANCE","RELIANCE",1493.25
2024-08-22,"RELIANCE","RELIANCE",1503
2024-08-23,"RELIANCE","RELIANCE",1503.75
2024-08-26,"RELIANCE","RELIANCE",1506.97497558594
2024-08-27,"RELIANCE","RELIANCE",1510.5
2024-08-28,"RELIANCE","RELIANCE",1505
2024-08-29,"RELIANCE","RELIANCE",1503.09997558594
2024-08-30,"RELIANCE","RELIANCE",1534
2024-09-02,"RELIANCE","RELIANCE",1510.875
2024-09-03,"RELIANCE","RELIANCE",1521.25
2024-09-04,"RELIANCE","RELIANCE",1500.69995117188
2024-09-05,"RELIANCE","RELIANCE",1519.05004882812
2024-09-06,"RELIANCE","RELIANCE",1492.5
2024-09-09,"RELIANCE","RELIANCE",1466.5
2024-09-10,"RELIANCE","RELIANCE",1460.5
2024-09-11,"RELIANCE","RELIANCE",1463.05004882812
2024-09-12,"RELIANCE","RELIANCE",1457
2024-09-13,"RELIANCE","RELIANCE",1476.40002441406
2024-09-16,"RELIANCE","RELIANCE",1477.55004882812
2024-09-17,"RELIANCE","RELIANCE",1474
2024-09-18,"RELIANCE","RELIANCE",1470
2024-09-19,"RELIANCE","RELIANCE",1466.25
2024-09-20,"RELIANCE","RELIANCE",1474
2024-09-23,"RELIANCE","RELIANCE",1491
2024-09-24,"RELIANCE","RELIANCE",1488.5
2024-09-25,"RELIANCE","RELIANCE",1483.90002441406
2024-09-26,"RELIANCE","RELIANCE",1490.65002441406
2024-09-27,"RELIANCE","RELIANCE",1499
2024-09-30,"RELIANCE","RELIANCE",1519.40002441406
2024-10-01,"RELIANCE","RELIANCE",1480.65002441406
2024-10-03,"RELIANCE","RELIANCE",1436.57495117188
2024-10-04,"RELIANCE","RELIANCE",1403.92504882812
2024-10-07,"RELIANCE","RELIANCE",1393.5
2024-10-08,"RELIANCE","RELIANCE",1372.97497558594
2024-10-09,"RELIANCE","RELIANCE",1397.52502441406
2024-10-10,"RELIANCE","RELIANCE",1380.02502441406
2024-10-11,"RELIANCE","RELIANCE",1370
2024-10-14,"RELIANCE","RELIANCE",1379.44995117188
2024-10-15,"RELIANCE","RELIANCE",1358.52502441406
2024-10-16,"RELIANCE","RELIANCE",1340
2024-10-17,"RELIANCE","RELIANCE",1365.69995117188
2024-10-18,"RELIANCE","RELIANCE",1352.17504882812
2024-10-21,"RELIANCE","RELIANCE",1367.125
2024-10-22,"RELIANCE","RELIANCE",1369.19995117188
2024-10-23,"RELIANCE","RELIANCE",1337.5
2024-10-24,"RELIANCE","RELIANCE",1335.27502441406
2024-10-25,"RELIANCE","RELIANCE",1343.5
2024-10-28,"RELIANCE","RELIANCE",1337
2024-10-29,"RELIANCE","RELIANCE",1328.09997558594
2024-10-30,"RELIANCE","RELIANCE",1335
2024-10-31,"RELIANCE","RELIANCE",1340
2024-11-01,"RELIANCE","RELIANCE",1333.05004882812
2024-11-04,"RELIANCE","RELIANCE",1337.84997558594
2024-11-05,"RELIANCE","RELIANCE",1293
2024-11-06,"RELIANCE","RELIANCE",1310
2024-11-07,"RELIANCE","RELIANCE",1324
2024-11-08,"RELIANCE","RELIANCE",1297.65002441406
2024-11-11,"RELIANCE","RELIANCE",1278.94995117188
2024-11-12,"RELIANCE","RELIANCE",1275.55004882812
2024-11-13,"RELIANCE","RELIANCE",1270.25
2024-11-14,"RELIANCE","RELIANCE",1253.59997558594
2024-11-18,"RELIANCE","RELIANCE",1267.59997558594
2024-11-19,"RELIANCE","RELIANCE",1260.75
2024-11-21,"RELIANCE","RELIANCE",1241.65002441406
2024-11-22,"RELIANCE","RELIANCE",1229.40002441406
2024-11-25,"RELIANCE","RELIANCE",1290
2024-11-26,"RELIANCE","RELIANCE",1294.94995117188
2024-11-27,"RELIANCE","RELIANCE",1293.5
2024-11-28,"RELIANCE","RELIANCE",1289.94995117188
2024-11-29,"RELIANCE","RELIANCE",1280
2024-12-02,"RELIANCE","RELIANCE",1288
2024-12-03,"RELIANCE","RELIANCE",1317
2024-12-04,"RELIANCE","RELIANCE",1326
2024-12-05,"RELIANCE","RELIANCE",1314.34997558594
2024-12-06,"RELIANCE","RELIANCE",1323.90002441406
2024-12-09,"RELIANCE","RELIANCE",1303
2024-12-10,"RELIANCE","RELIANCE",1289.25
2024-12-11,"RELIANCE","RELIANCE",1285
2024-12-12,"RELIANCE","RELIANCE",1270
2024-12-13,"RELIANCE","RELIANCE",1260
2024-12-16,"RELIANCE","RELIANCE",1275
2024-12-17,"RELIANCE","RELIANCE",1261.05004882812
2024-12-18,"RELIANCE","RELIANCE",1240.65002441406
2024-12-19,"RELIANCE","RELIANCE",1239
2024-12-20,"RELIANCE","RELIANCE",1224
2024-12-23,"RELIANCE","RELIANCE",1215
2024-12-24,"RELIANCE","RELIANCE",1222.30004882812
2024-12-26,"RELIANCE","RELIANCE",1224.25
2024-12-27,"RELIANCE","RELIANCE",1218.30004882812
2024-12-30,"RELIANCE","RELIANCE",1216.40002441406
2024-12-31,"RELIANCE","RELIANCE",1208
2025-01-01,"RELIANCE","RELIANCE",1214.84997558594
2025-01-02,"RELIANCE","RELIANCE",1221.25
2025-01-03,"RELIANCE","RELIANCE",1243.90002441406
2025-01-06,"RELIANCE","RELIANCE",1253.94995117188
2025-01-07,"RELIANCE","RELIANCE",1222
2025-01-08,"RELIANCE","RELIANCE",1249
2025-01-09,"RELIANCE","RELIANCE",1267
2025-01-10,"RELIANCE","RELIANCE",1253.84997558594
2025-01-13,"RELIANCE","RELIANCE",1230
2025-01-14,"RELIANCE","RELIANCE",1244.09997558594
2025-01-15,"RELIANCE","RELIANCE",1244.94995117188
2025-01-16,"RELIANCE","RELIANCE",1258.90002441406
2025-01-17,"RELIANCE","RELIANCE",1322.25
2025-01-20,"RELIANCE","RELIANCE",1316
2025-01-21,"RELIANCE","RELIANCE",1310.5
2025-01-22,"RELIANCE","RELIANCE",1278.30004882812
2025-01-23,"RELIANCE","RELIANCE",1270
2025-01-24,"RELIANCE","RELIANCE",1266
2025-01-27,"RELIANCE","RELIANCE",1239.09997558594
2025-01-28,"RELIANCE","RELIANCE",1238
2025-01-29,"RELIANCE","RELIANCE",1236
2025-01-30,"RELIANCE","RELIANCE",1235.55004882812
2025-01-31,"RELIANCE","RELIANCE",1255.84997558594
2025-02-01,"RELIANCE","RELIANCE",1265.09997558594
2025-02-03,"RELIANCE","RELIANCE",1251
2025-02-04,"RELIANCE","RELIANCE",1248.05004882812
2025-02-05,"RELIANCE","RELIANCE",1282.65002441406
2025-02-06,"RELIANCE","RELIANCE",1273.69995117188
2025-02-07,"RELIANCE","RELIANCE",1276.15002441406
2025-02-10,"RELIANCE","RELIANCE",1264.5
2025-02-11,"RELIANCE","RELIANCE",1264.55004882812
2025-02-12,"RELIANCE","RELIANCE",1219.44995117188
2025-02-13,"RELIANCE","RELIANCE",1217.05004882812
2025-02-14,"RELIANCE","RELIANCE",1219
2025-02-17,"RELIANCE","RELIANCE",1211.09997558594
2025-02-18,"RELIANCE","RELIANCE",1224.84997558594
2025-02-19,"RELIANCE","RELIANCE",1219.5
2025-02-20,"RELIANCE","RELIANCE",1223.94995117188
2025-02-21,"RELIANCE","RELIANCE",1228.69995117188
2025-02-24,"RELIANCE","RELIANCE",1216.55004882812
2025-02-25,"RELIANCE","RELIANCE",1211
2025-02-27,"RELIANCE","RELIANCE",1212.80004882812
2025-02-28,"RELIANCE","RELIANCE",1202
2025-03-03,"RELIANCE","RELIANCE",1204
2025-03-04,"RELIANCE","RELIANCE",1162.19995117188
2025-03-05,"RELIANCE","RELIANCE",1161
2025-03-06,"RELIANCE","RELIANCE",1197
2025-03-07,"RELIANCE","RELIANCE",1216
2025-03-10,"RELIANCE","RELIANCE",1245
2025-03-11,"RELIANCE","RELIANCE",1240
2025-03-12,"RELIANCE","RELIANCE",1258
2025-03-13,"RELIANCE","RELIANCE",1260.05004882812
2025-03-17,"RELIANCE","RELIANCE",1242.15002441406
2025-03-18,"RELIANCE","RELIANCE",1238.84997558594
2025-03-19,"RELIANCE","RELIANCE",1241.05004882812
2025-03-20,"RELIANCE","RELIANCE",1251.84997558594
2025-03-21,"RELIANCE","RELIANCE",1275
2025-03-24,"RELIANCE","RELIANCE",1291
2025-03-25,"RELIANCE","RELIANCE",1307.69995117188
2025-03-26,"RELIANCE","RELIANCE",1291
2025-03-27,"RELIANCE","RELIANCE",1278.15002441406
2025-03-28,"RELIANCE","RELIANCE",1280
2025-04-01,"RELIANCE","RELIANCE",1264.59997558594
2025-04-02,"RELIANCE","RELIANCE",1247.55004882812
2025-04-03,"RELIANCE","RELIANCE",1233.05004882812
2025-04-04,"RELIANCE","RELIANCE",1241.09997558594
2025-04-07,"RELIANCE","RELIANCE",1132.19995117188
2025-04-08,"RELIANCE","RELIANCE",1172
2025-04-09,"RELIANCE","RELIANCE",1169.5
2025-04-11,"RELIANCE","RELIANCE",1195.15002441406
2025-04-15,"RELIANCE","RELIANCE",1251
2025-04-16,"RELIANCE","RELIANCE",1234.09997558594
2025-04-17,"RELIANCE","RELIANCE",1240.19995117188
2025-04-21,"RELIANCE","RELIANCE",1270
2025-04-22,"RELIANCE","RELIANCE",1300
2025-04-23,"RELIANCE","RELIANCE",1297
2025-04-24,"RELIANCE","RELIANCE",1292.40002441406
2025-04-25,"RELIANCE","RELIANCE",1303.5
2025-04-28,"RELIANCE","RELIANCE",1340
2025-04-29,"RELIANCE","RELIANCE",1371
2025-04-30,"RELIANCE","RELIANCE",1402
2025-05-02,"RELIANCE","RELIANCE",1414
2025-05-05,"RELIANCE","RELIANCE",1431
2025-05-06,"RELIANCE","RELIANCE",1431
2025-05-07,"RELIANCE","RELIANCE",1420.90002441406
2025-05-08,"RELIANCE","RELIANCE",1404.09997558594
2025-05-09,"RELIANCE","RELIANCE",1385.5
2025-05-12,"RELIANCE","RELIANCE",1400
2025-05-13,"RELIANCE","RELIANCE",1433.5
2025-05-14,"RELIANCE","RELIANCE",1420
2025-05-15,"RELIANCE","RELIANCE",1425
2025-05-16,"RELIANCE","RELIANCE",1453.19995117188
2025-05-19,"RELIANCE","RELIANCE",1452.09997558594
2025-05-20,"RELIANCE","RELIANCE",1438.19995117188
2025-05-21,"RELIANCE","RELIANCE",1423.90002441406
2025-05-22,"RELIANCE","RELIANCE",1421.19995117188
2025-05-23,"RELIANCE","RELIANCE",1406.59997558594
2025-05-26,"RELIANCE","RELIANCE",1432
2025-05-27,"RELIANCE","RELIANCE",1426.09997558594
2025-05-28,"RELIANCE","RELIANCE",1420.09997558594
2025-05-29,"RELIANCE","RELIANCE",1412.09997558594
2025-05-30,"RELIANCE","RELIANCE",1418
2025-06-02,"RELIANCE","RELIANCE",1412.09997558594
2025-06-03,"RELIANCE","RELIANCE",1422.30004882812
2025-06-04,"RELIANCE","RELIANCE",1414.69995117188
2025-06-05,"RELIANCE","RELIANCE",1428
2025-06-06,"RELIANCE","RELIANCE",1441
2025-06-09,"RELIANCE","RELIANCE",1457
2025-06-10,"RELIANCE","RELIANCE",1450
2025-06-11,"RELIANCE","RELIANCE",1445.80004882812
2025-06-12,"RELIANCE","RELIANCE",1453.5
2025-06-13,"RELIANCE","RELIANCE",1424
2025-06-16,"RELIANCE","RELIANCE",1426.90002441406
2025-06-17,"RELIANCE","RELIANCE",1448
2025-06-18,"RELIANCE","RELIANCE",1430
2025-06-19,"RELIANCE","RELIANCE",1430.09997558594
2025-06-20,"RELIANCE","RELIANCE",1431
2025-06-23,"RELIANCE","RELIANCE",1453
2025-06-24,"RELIANCE","RELIANCE",1465
2025-06-25,"RELIANCE","RELIANCE",1464
2025-06-26,"RELIANCE","RELIANCE",1469.09997558594
2025-06-27,"RELIANCE","RELIANCE",1499.40002441406
2025-06-30,"RELIANCE","RELIANCE",1513.80004882812
2025-07-01,"RELIANCE","RELIANCE",1500.59997558594
2025-07-02,"RELIANCE","RELIANCE",1528.40002441406
2025-07-03,"RELIANCE","RELIANCE",1520.80004882812
2025-07-04,"RELIANCE","RELIANCE",1524
2025-07-07,"RELIANCE","RELIANCE",1526.59997558594
2025-07-08,"RELIANCE","RELIANCE",1536
2025-07-09,"RELIANCE","RELIANCE",1536.69995117188
2025-07-10,"RELIANCE","RELIANCE",1519.69995117188
2025-07-11,"RELIANCE","RELIANCE",1512
2025-07-14,"RELIANCE","RELIANCE",1492.19995117188
2025-07-15,"RELIANCE","RELIANCE",1486.19995117188
2025-07-16,"RELIANCE","RELIANCE",1473
2025-07-17,"RELIANCE","RELIANCE",1487.40002441406
2025-07-18,"RELIANCE","RELIANCE",1484.80004882812
2025-07-21,"RELIANCE","RELIANCE",1465
2025-07-22,"RELIANCE","RELIANCE",1427.40002441406
2025-07-23,"RELIANCE","RELIANCE",1426
2025-07-24,"RELIANCE","RELIANCE",1419.19995117188
2025-07-25,"RELIANCE","RELIANCE",1398.90002441406
2025-07-28,"RELIANCE","RELIANCE",1392.30004882812
2025-07-29,"RELIANCE","RELIANCE",1383
2025-07-30,"RELIANCE","RELIANCE",1418.09997558594
2025-07-31,"RELIANCE","RELIANCE",1388.09997558594
2025-08-01,"RELIANCE","RELIANCE",1386.90002441406
2025-08-04,"RELIANCE","RELIANCE",1395.09997558594
2025-08-05,"RELIANCE","RELIANCE",1411
2025-08-06,"RELIANCE","RELIANCE",1391.90002441406
2025-08-07,"RELIANCE","RELIANCE",1387.69995117188
2025-08-08,"RELIANCE","RELIANCE",1385
2025-08-11,"RELIANCE","RELIANCE",1370
2025-08-12,"RELIANCE","RELIANCE",1381.90002441406
2025-08-13,"RELIANCE","RELIANCE",1388
2025-08-14,"RELIANCE","RELIANCE",1377.30004882812
2025-08-18,"RELIANCE","RELIANCE",1390
2025-08-19,"RELIANCE","RELIANCE",1390
2025-08-20,"RELIANCE","RELIANCE",1413
2025-08-21,"RELIANCE","RELIANCE",1425
2025-08-22,"RELIANCE","RELIANCE",1420
2025-08-25,"RELIANCE","RELIANCE",1414.69995117188
2025-08-26,"RELIANCE","RELIANCE",1408
2025-08-28,"RELIANCE","RELIANCE",1389.90002441406
2025-08-29,"RELIANCE","RELIANCE",1381.09997558594
2025-09-01,"RELIANCE","RELIANCE",1356
2025-09-02,"RELIANCE","RELIANCE",1354.80004882812
2025-09-03,"RELIANCE","RELIANCE",1369.69995117188
2025-09-04,"RELIANCE","RELIANCE",1371.80004882812
2025-09-05,"RELIANCE","RELIANCE",1363
2025-09-08,"RELIANCE","RELIANCE",1380
2025-09-09,"RELIANCE","RELIANCE",1376.59997558594
2025-09-10,"RELIANCE","RELIANCE",1383.90002441406
2025-09-11,"RELIANCE","RELIANCE",1376
2025-09-12,"RELIANCE","RELIANCE",1383.30004882812
2025-09-15,"RELIANCE","RELIANCE",1393
2025-09-16,"RELIANCE","RELIANCE",1404.69995117188
2025-09-17,"RELIANCE","RELIANCE",1407
2025-09-18,"RELIANCE","RELIANCE",1420.40002441406
2025-09-19,"RELIANCE","RELIANCE",1414.90002441406
2025-09-22,"RELIANCE","RELIANCE",1403.90002441406
2025-09-23,"RELIANCE","RELIANCE",1391
2025-09-24,"RELIANCE","RELIANCE",1385.30004882812
2025-09-25,"RELIANCE","RELIANCE",1381.30004882812
2025-09-26,"RELIANCE","RELIANCE",1372
2025-09-29,"RELIANCE","RELIANCE",1381.59997558594
2025-09-30,"RELIANCE","RELIANCE",1377.09997558594
2025-10-01,"RELIANCE","RELIANCE",1367
2025-10-03,"RELIANCE","RELIANCE",1363.19995117188
2025-10-06,"RELIANCE","RELIANCE",1360
2025-10-07,"RELIANCE","RELIANCE",1376
2025-10-08,"RELIANCE","RELIANCE",1384.80004882812
2025-10-09,"RELIANCE","RELIANCE",1374
2025-10-10,"RELIANCE","RELIANCE",1377.80004882812
2025-10-13,"RELIANCE","RELIANCE",1376.90002441406
2025-10-14,"RELIANCE","RELIANCE",1380
2025-10-15,"RELIANCE","RELIANCE",1383
2025-10-16,"RELIANCE","RELIANCE",1375.09997558594
2025-10-17,"RELIANCE","RELIANCE",1401
2025-10-20,"RELIANCE","RELIANCE",1440
2025-10-21,"RELIANCE","RELIANCE",1468
2025-10-23,"RELIANCE","RELIANCE",1475
2025-10-24,"RELIANCE","RELIANCE",1450
2025-10-27,"RELIANCE","RELIANCE",1463
2025-10-28,"RELIANCE","RELIANCE",1484.09997558594
2025-10-29,"RELIANCE","RELIANCE",1490
2025-10-30,"RELIANCE","RELIANCE",1500
2025-10-31,"RELIANCE","RELIANCE",1490.40002441406
2025-11-03,"RELIANCE","RELIANCE",1486
2025-11-04,"RELIANCE","RELIANCE",1483.90002441406
2025-11-06,"RELIANCE","RELIANCE",1484
2025-11-07,"RELIANCE","RELIANCE",1494.59997558594
2025-11-10,"RELIANCE","RELIANCE",1477.90002441406
2025-11-11,"RELIANCE","RELIANCE",1497
2025-11-12,"RELIANCE","RELIANCE",1505
2025-11-13,"RELIANCE","RELIANCE",1515
2025-11-14,"RELIANCE","RELIANCE",1505.5
2025-11-17,"RELIANCE","RELIANCE",1520.90002441406
2025-11-18,"RELIANCE","RELIANCE",1521.69995117188
2025-11-19,"RELIANCE","RELIANCE",1517.40002441406
2025-11-20,"RELIANCE","RELIANCE",1530
2025-11-21,"RELIANCE","RELIANCE",1541
2025-11-24,"RELIANCE","RELIANCE",1550
2025-11-25,"RELIANCE","RELIANCE",1535.90002441406
2025-11-26,"RELIANCE","RELIANCE",1542.30004882812
2025-11-27,"RELIANCE","RELIANCE",1575
2025-11-28,"RELIANCE","RELIANCE",1568
2025-12-01,"RELIANCE","RELIANCE",1575
2025-12-02,"RELIANCE","RELIANCE",1561.09997558594
2025-12-03,"RELIANCE","RELIANCE",1545.19995117188
2025-12-04,"RELIANCE","RELIANCE",1536
2025-12-05,"RELIANCE","RELIANCE",1530.40002441406
2025-12-08,"RELIANCE","RELIANCE",1539.19995117188
2025-12-09,"RELIANCE","RELIANCE",1540.30004882812
2025-12-10,"RELIANCE","RELIANCE",1534
2025-12-11,"RELIANCE","RELIANCE",1536.90002441406
2025-12-12,"RELIANCE","RELIANCE",1550.80004882812
2025-12-15,"RELIANCE","RELIANCE",1551.19995117188
2025-12-16,"RELIANCE","RELIANCE",1545
2025-12-17,"RELIANCE","RELIANCE",1550
2025-12-18,"RELIANCE","RELIANCE",1535.19995117188
2025-12-19,"RELIANCE","RELIANCE",1554.40002441406
2025-12-22,"RELIANCE","RELIANCE",1573.5
2025-12-23,"RELIANCE","RELIANCE",1580.90002441406
2025-12-24,"RELIANCE","RELIANCE",1572.69995117188
2025-12-26,"RELIANCE","RELIANCE",1554.69995117188
2025-12-29,"RELIANCE","RELIANCE",1554.90002441406
2025-12-30,"RELIANCE","RELIANCE",1547
